ID,Group,Age,BMI,Sex,Speed,Stance,StanceDIfference,AnkleIC,AnklePlantarflexion1,AnkleDorsalflexion,AnklePlantarflexion2,KneeMinimum,KneeIC,KneeMaximum,KneeMinimumTO,HipMininimum,HipMaximumStance,DIFF AnkleIC,AnklePlantarflexion1Difference,AnkleDorsalflexionDifference,AnklePlantarflexion2Difference,KneeMinDifference,KneeICDifference,KneeMaximumDifference,KneeMinimumTODifference,HipMinimumDifference,HipMaximumStanceDifference
1,0,78,26.322434036106557,1,1.08,65.21,-1.25,2.329313604699895,-7.990654427700586,11.020652203864223,-21.538189805052838,-0.4447760938626943,6.346423118833615,21.48803934623087,9.114308390963505,-7.999764368571428,33.59164698857143,2.260794252442961,-0.7946619108708424,2.415547170421487,3.842928103624264,-0.1561587289944485,-2.443089628693244,-3.09897597034712,-7.451549010021202,0.9507168971428568,-1.875923542857148
2,0,61,17.226287594972167,0,1.36,62.66,0.1699999999999946,2.9207134285714287,-8.55832437,8.439570772857142,-22.805208985714284,-0.4447235614849801,6.346423118833615,21.48803934623087,9.114308390963505,-8.063840032099629,30.304342711334417,0.9312387380952378,2.308465553333333,-2.785834596190475,-1.224196225952383,0.2612199681516463,-1.304641798890719,-0.9375622666933126,-1.165792577196636,-4.092474294885937,-0.500355103001084
3,0,70,25.86122448979592,1,1.22,61.5,0.490000000000002,7.558994857142857,-9.58048823857143,17.25356275142857,-14.907119811428572,-0.5342374028571432,3.570892571428572,23.64529289,5.747387227142857,-14.84521980142857,43.25272557142857,1.5069984285714293,-0.1543551457142875,2.9791377514285724,0.79852147142857,0.0324018728571425,0.5709010000000005,4.118251672857141,1.2250853857142865,-0.5292814042857135,15.928918571428577
4,0,65,23.40865755203051,0,0.89,61.6,-2.9199999999999946,2.3280935967281557,-7.990332905718696,11.020856014454184,-21.545348673343057,-0.4447274665707786,6.346423118833615,21.48803934623087,9.114308390963505,-4.447185957272727,26.68655082727273,-2.661182496728155,1.5873280357186967,5.368712601545818,-1.0364691316569434,-0.0370776344292214,-4.801901055741348,-12.029760427109274,-3.892730241747663,-2.7852387277272737,-1.0902404752727293
5,0,65,26.78477644340185,1,0.82,66.6,2.3299999999999983,-2.963979818181818,-8.304015285454545,14.138475394545454,-12.802783365454546,-0.3504621545454551,5.452682272727273,23.19709723090909,14.016193553636366,-4.098638149090909,26.225233526363635,0.8448850181818179,0.483428604454545,0.2225083934545448,-0.240328092545452,-0.1249734976767666,0.6505648383838389,0.2447525502020191,-0.8735720103030307,0.3846260815909081,0.2789552103030281
6,0,62,21.033379058070413,0,1.51,59.19,-1.1500000000000057,1.917771428571429,-10.354245474285715,3.900513202857143,-22.33347596857143,-0.4537484728571426,2.8558565714285717,15.544067701428572,0.7538902428571429,-10.74863883714286,34.82745185714286,-1.3631620000000004,-0.1219161271428586,-1.501425288571428,2.6862996799999976,0.0330601214285716,-0.2856640000000006,-2.4224812157142868,-1.810365224285714,0.4354212399999984,0.7389537142857208
7,0,65,24.275599452609036,1,0.64,66.06,-1.4099999999999966,1.4310323636363635,-5.409161493636364,13.52769280909091,-7.176953525454545,-0.4666819076430298,5.068718988716357,20.43472244742477,8.157315207566253,-8.721099725739474,31.563122296329716,0.5271783636363634,1.553988668181819,2.6910780872727287,5.240445272727273,0.1158892050842433,4.887360079625449,4.067141126515683,-1.9490861906155652,-1.5143132366485643,8.980493118147894
8,0,61,21.134708115317533,0,1.36,62.19,-1.1700000000000017,2.7113316666666667,-8.010332426666666,11.42103734,-24.716809516666668,-0.2622327016666661,8.66318,25.27635954333333,12.74253769,-8.85386698,34.99399444833333,-1.240292619047619,1.941959801904762,-0.760904267142859,2.728443766190477,0.0553276469047617,2.2372462857142867,-2.610501455238097,0.8288049328571443,-1.023252347142857,0.218817045476193
9,0,65,20.41058502432657,0,1.5,59.0,-0.8299999999999983,1.9841487142857144,-9.215056034285713,8.87607163,-23.830431868571427,-0.567549234285714,5.856476428571428,20.259590001428567,9.323591657142856,-5.741232795714287,34.79625358142857,-2.826795910714286,-1.2800786242857116,1.1029346662500004,4.017958951428572,0.0231719832142864,1.3590930535714278,-0.8891017973214339,-2.1173070541071457,0.1064003355357137,2.3542619214285665
10,0,69,23.87543252595156,1,0.91,66.59,0.3800000000000096,1.302188625,-7.727827722500001,17.834986467500002,-12.748038428750004,-0.413155496250002,3.749429125,20.7714019325,13.652125302499998,-5.515781893750001,34.327571507500004,-3.8168665,0.0465605362499985,1.3382737262500015,0.0998135187499951,-0.0440558150000021,0.5015637500000003,1.2168266824999954,2.867260957499999,0.3186682087499992,3.4061868325000013
11,0,65,23.847530236322196,1,0.9,63.5,-0.3800000000000025,3.5156146666666666,-7.125322281111112,16.079970997777778,-9.380930816666666,-0.4114236466666668,4.776759222222221,19.073571483333332,14.319908755555556,-6.211948244444444,25.99815711777778,-2.532070111111112,-0.7363531433333339,1.856049804444444,-0.4189123288888901,-0.0244520000000002,3.000008,6.76273916888889,5.600564803333333,-0.7810563111111115,1.893421984444444
12,0,66,30.062071483630163,0,1.29,61.71,-1.2199999999999989,4.4911472,-9.540277532,12.733651198,-16.369895452,-0.6454233440000006,4.1898162,18.124593604000005,3.13598816,-10.149164616,32.999683302,2.805393575,0.0414898579999984,1.872658883,4.1760307355,-0.0519370440000014,-1.1832535500000008,-3.1593332134999983,0.4428253599999996,-4.008209906,-1.508489759249997
13,0,60,33.67925620153543,0,0.91,65.85,0.3199999999999932,3.983737888888889,-4.936777817777777,14.415893148888893,-10.943630063333334,-0.4092586477777789,3.775781555555556,21.86233666777777,13.941385577777776,-7.173357540000001,26.78030135111111,-0.2534605555555558,-0.0088288933333338,-1.88484697,1.3375542022222255,-0.1989021377777765,-0.2217038888888893,-0.6042798233333286,-2.1305077433333306,2.7515977055555574,5.611946234444449
14,0,81,20.538027739673822,0,1.19,63.48,1.4299999999999995,2.0247153750000004,-7.138681138749999,18.6966731275,-17.71445370875,-0.3964101462499996,3.871707750000001,19.005787145,5.616805175,-5.80814987125,32.68272272625,-0.9988221250000004,-1.9386628125000012,-3.24501871,-2.1484875200000038,-0.1626443362500004,-0.997698750000001,-3.746015227499999,-5.5298137,-2.440825098749998,1.8786553987500056
15,0,61,27.96270581233882,1,1.24,62.75,-1.6200000000000043,2.909630857142857,-8.062899977142857,11.227841842857146,-15.385544282857143,-0.3665164800000007,6.140436285714286,24.80900635,13.486216985714282,-10.618491982857146,25.84258092285714,-2.7012257142857146,-2.3446224057142846,-2.0142198928571453,-4.307706631428573,-0.0507004314285702,0.7141128571428572,3.2790387842857136,3.779648328571433,-3.3742933604761878,-2.0400311061904723
16,0,71,23.841672774970096,0,1.28,61.42,-0.1099999999999994,-0.4160631111111111,-9.03233066888889,10.789443746666668,-15.181995331111109,-0.4944498177777776,5.998091222222223,22.270078584444448,2.891017618888889,-8.499106001111109,35.55119717555555,1.3614392361111112,-1.820623181111113,0.9522373608333332,-0.8943691463888914,0.1109231265277773,1.1233636527777788,-1.943956296944446,-3.113881672638889,-0.592966913888894,2.378829734444452
17,0,68,26.069940664057565,1,1.31,63.72,-0.5999999999999943,-1.4111271666666667,-11.115482651666667,9.383562408333333,-14.408780141666668,-0.4532521543674888,5.482124225180478,20.747209025503462,8.90113431735247,-8.45571347449233,31.58661716368205,-4.7496815,-2.542177475000001,-2.3962261283333337,2.332757641666664,0.0558780806325119,-1.1820729414861877,-5.53279089949654,-1.2363846709808648,-1.678763717825663,-3.615909116317954
18,0,64,20.382339865257688,0,1.44,61.8,2.1899999999999977,3.480180142857143,-8.27144197142857,5.998692404285714,-20.96108130142857,-0.6028175285714293,5.1389375714285705,25.17098502714286,9.458887774285714,-15.168187111428573,32.538113911428574,-2.8029089761904764,-1.830154578571431,4.003150875714287,0.5987622397619035,0.1951447952380957,-2.807155238095237,-2.6561012738095258,4.2000814590476185,4.832260586428571,-6.83510650309524
19,0,72,30.13877551020408,1,1.2,63.62,-2.000000000000007,3.0759244285714287,-10.488497472857144,7.054351514285715,-23.60264852,-0.4293161257142857,7.569080714285714,25.465027535714285,9.35787728,-10.044427712857145,30.38511404,1.823453738095238,1.7663072128571429,-0.0697525542857153,-3.2653650166666672,-0.144034977619048,-2.9044242142857133,-1.4409253007142837,-3.0121935233333312,-1.5008791849999987,2.132135370000004
20,0,77,22.758466596444187,1,1.22,60.78,-1.9099999999999968,0.2664322499999999,-10.137316865,11.99285342875,-18.53549119625,-0.4884979650000001,7.498072000000001,22.3196468675,13.976536665000005,-4.64146835625,28.77388465125,1.067367964285714,1.1704170478571427,1.998046510178572,-1.790289361964284,-0.1410872564285714,3.499445714285715,-3.080890378214285,-0.5860506421428564,-0.1873110133928568,0.7215548612500022
21,0,68,30.142445680075877,1,1.38,62.83,-0.5200000000000031,3.4327074285714287,-9.549384584285717,7.441146297142857,-27.347088894285715,-0.4042960800000011,8.705461714285715,25.74409249714285,11.35640214857143,-11.777419965714284,27.428733758571436,1.456713142857143,1.3317474971428584,0.8528130057142853,-2.0539485400000004,-0.0772614700000006,0.4226990000000015,-1.7916313657142844,-0.408415159999997,1.819969952857143,-3.1920660942857104
22,0,74,18.58585858585859,0,1.43,58.62,-1.5399999999999991,0.8372916,-8.002429807999999,7.710765245999999,-17.385815386,-0.3900125166666666,10.747829125,22.67321276625,12.7447992,-10.2411945275,28.92070052166667,0.6085974,0.491026980857141,-0.8632106974285705,-0.4337542968571419,-0.0632140520527772,-1.1739907160900067,-1.480121251433065,-2.9694104052384542,1.652556124168724,2.665313101647449
23,0,65,25.2481726196176,1,1.45,61.48,-0.1799999999999997,6.194401857142856,-5.452833257142856,1.1941041457142858,-26.77405723428572,-0.4692524828571426,5.568028142857144,23.355496558571424,9.904119724285716,-13.132947372857144,28.51812223142857,-2.006665857142856,-3.096334156190478,2.841672702619048,-1.333922295714281,0.0160741161862091,-0.0844935976277447,-2.6065142147840703,-0.998760289234589,4.677722642087772,3.0646154911067427
24,0,68,23.57162146522125,0,1.09,62.11,-0.8699999999999974,-0.4512344285714285,-11.304422437142858,10.851644154285712,-18.010122762857144,-0.4236651912499999,7.12428375,25.0040702125,8.45486704875,-14.80150056,26.3241915925,1.802098,-0.9325926657142868,2.442805189999998,2.353033641428574,-0.076416192678571,5.41654675,-0.4508424617857152,-0.5088505398214291,-2.513815495714285,-0.7404684046428542
25,0,64,28.926234384295068,0,1.27,62.01,-0.6499999999999986,0.1642885714285714,-11.227250987142856,13.533193105714286,-20.908921295714283,-0.4007240571428571,3.5696154285714283,17.15619392857143,-0.1872949685714285,-6.535014542857142,32.88156228571428,-3.259646928571428,-2.2418708508928558,0.3157839107142859,-1.8280566957142843,0.1769657153571424,-1.0535369464285729,-2.9466205326785726,-3.308517946071429,2.6623064571428587,-5.578069724285719
26,0,72,30.311111111111117,0,1.11,64.83,0.2999999999999971,3.0029373,-7.494682417,17.665794561000002,-23.447137397,-0.4625879869999999,4.998252200000001,16.404674628000002,11.692875479999998,-3.925104837000001,32.629809622,-1.1315830333333323,0.3938569974444439,-0.049661234555554,-1.453218055888886,0.0364891518888886,-0.2223544666666654,-0.8180961475555506,3.9373374299999977,0.9399354818888884,0.3130894831111064
27,0,64,30.143210677917967,0,1.41,62.89,0.0499999999999971,9.56731357142857,-6.195771034285714,10.373776804285717,-21.34605453714285,-0.5065683485714286,6.283362,19.79153314285714,7.262107307142857,-5.228505982857143,40.642158470000005,1.9744690952380972,-0.6374164473809527,0.8127905107142848,-2.3586340245238056,-0.0689120714285721,0.8815780000000011,-2.359827817857141,-1.483063478809524,-2.525231997142858,-4.451034348333337
28,0,75,22.4,1,1.25,62.2,-0.9299999999999996,-0.7379886037735849,-9.154436493018869,9.440333514150945,-10.979360232075472,-0.4683770081132074,2.545355433962264,17.43642400528302,5.269953064528302,-10.741701213207548,27.961568923773587,3.525519471698113,1.364303426603776,0.2330193343396231,4.97428480415094,-0.0599616075471699,-0.7360360943396236,0.8490157154716975,1.4017279464150945,-3.131971130943396,-1.4925660332075488
29,0,90,30.07,0,1.15,62.12,-2.0899999999999963,4.095011867924528,-8.339960477735849,15.259854299433965,-31.100834186603777,-0.4209406118867924,2.3378123773584907,16.372338420754716,15.793465686792452,-7.204796846603773,24.50398565622642,-2.403944127183788,-0.919066669671558,-2.329873547211742,7.366870389196368,0.0041970515164219,-1.0980548773584906,-0.2085300209399001,-1.6019350275331945,1.1117024938259945,-2.4589381036338267
30,0,58,22.84,0,1.19,61.7,0.3100000000000023,0.9557716990291262,-7.992483127184466,11.224174573786406,-16.003448765145627,-0.2832611557281553,0.116230145631068,11.646392532718448,6.7335993872815525,-8.047257967572815,21.01177238504855,-0.1955223394324122,-0.8809323578575423,1.749590051863331,0.3680594163928319,0.0714458947526139,-0.4023862101381628,-0.030004326608477,4.40219592170463,-1.828084067668968,-4.213663543797608
31,0,79,21.3,0,1.43,64.76,3.640000000000008,2.4209568888888886,-15.449709628,9.45629969977778,-37.675996612666665,-0.4963262886666669,4.953055466666667,19.881053204,6.443795607333333,-7.763879494666667,36.40578956844445,-3.219503644444444,3.606662926888891,-0.0295574737777801,12.16934986822222,0.0053754788888893,0.4004234888888884,1.237466947999998,-4.768727702666666,-6.324352319555556,-0.323587905777785
32,0,39,17.99,0,1.16,64.42,-0.25,1.134858711111111,-9.740687443555556,16.88655907177778,-24.486803839333334,-0.4471343797777776,2.465564288888889,18.075466863333336,4.683767327111111,-2.589574840888889,34.12384673355556,-0.3374052888888887,0.8692212360096612,3.951366577647345,-0.4339950475942018,-0.0113942265169078,0.9668286801932366,-2.822435243405792,-2.0055310285410624,5.576311726719809,0.8097608350773058
33,0,55,24.68,0,1.48,62.7,0.6400000000000006,2.0494549787789262,-8.308369232100082,11.641703501923365,-20.373236619551022,-0.4531309725897062,5.483675031202961,20.750160542797712,8.907774166267952,-8.45513543885527,31.579491552825186,-0.9327590712210734,1.3386162676499165,-4.628913557576638,-2.234978328801027,0.0683140615566352,-0.0010787005043555,0.4928333501147861,7.410707503341123,1.219787466754486,-5.809261113028477
34,0,61,24.82,1,1.29,61.73,-0.6000000000000014,-0.7834527462686568,-9.359782949850745,9.570057029850744,-13.94789794373134,-0.4542128452238807,4.74448543283582,20.86699190223881,14.491011930895525,-8.152035781044775,24.85145094402985,2.227552150790167,1.6178139698551384,-1.95893359735514,0.4226817912686584,0.0078415208055311,3.7752413446005257,6.0541805706211616,7.047863941924936,-2.5556447036918346,-5.586786590676041
35,0,79,22.04,0,1.35,62.44,0.4499999999999957,-1.2175075409836067,-11.34466839409836,10.969470748196722,-20.46010212409836,-0.4943828118032787,2.4569736393442625,21.34785379393443,13.508582797868854,-8.700068885245901,25.6382452190164,-0.6303865571126389,-4.237091148775781,-1.6604033872871486,0.2745364994500257,-0.0115686926097306,-3.7012375058170273,1.9188163578053972,2.869496378514014,-2.7414895120200957,-4.069261607435216
36,0,76,19.68,0,1.37,61.06,0.2100000000000008,0.6510121538461539,-11.666988187692308,6.524512669230769,-25.72606985326923,-0.5345182719230768,2.3633285576923075,16.722021224423074,2.8941049338461537,-11.713515910000002,29.04633001,-0.1274313167420814,-1.7620717125942686,0.121728211191554,-1.0286273558182517,-0.0594151038838609,-0.7127851089743591,-0.4124924532239831,-2.2645978471342376,-1.860382494117648,-1.2556937341176422
37,0,54,24.12,1,1.3,64.34,1.6300000000000026,2.326901378232713,-7.990026348047976,11.0210516674716,-21.552372724810255,-0.3781718124074078,2.3633285576923075,16.722021224423074,2.8941049338461537,-11.713515910000002,27.90774919925926,-0.2688884836148535,-0.3165824470982095,0.6255087197220224,1.1791796757557975,-0.022278642037036,-2.7396006851851844,-2.4110382455555595,-1.5715786650000003,1.3075793950000012,1.0302373881481444
38,0,63,22.66,0,1.19,63.71,-1.3200000000000005,-0.8460827924528301,-10.008311675849056,10.120095347735848,-16.58042426207547,-0.5041675720754718,3.733948037735849,19.45253608207548,8.813903682264153,-9.14012315792453,27.41611616773585,1.0616535702306078,0.6956815341823894,2.9564953341160027,-0.5085031471837915,0.1198615046680646,2.949077110412298,3.649134219220823,4.727887469402514,2.950788416257863,1.7239314363382263
39,0,79,26.18,1,1.28,59.61,-3.0900000000000034,2.8671140566037736,-7.853579025471699,10.38281053962264,-23.651795247735848,-0.5473251316981128,3.733948037735849,19.45253608207548,8.813903682264153,-9.14012315792453,25.09764299283019,5.167929334381551,1.6649607019357069,1.9905585527707876,3.6971157744863774,-0.1690408846610758,2.5013430031446537,5.5637856154332646,9.681694070258562,1.368248369706497,-9.029476095132772
40,0,65,21.82,1,1.23,59.75,0.3599999999999994,-1.378804862745098,-8.513251190392156,10.459717240588237,-36.916754497058825,-0.4282332252941181,7.12937316981132,23.802654403396225,13.797330123962269,-3.698199465849057,32.76913654235293,-2.169351322745098,-1.2312619557921547,-2.859318341811763,-15.964235755058828,-0.0136389318941178,2.2719814062745094,3.606890143713727,4.452097801905882,-1.386335691184316,4.2126168859529365
41,0,63,24.0,0,1.19,62.47,-1.9200000000000017,1.19555276,-7.378279683999999,9.6492664192,-23.2431529614,-0.3761001251999996,5.01728644,27.0528910868,7.321794053399999,-6.2418073258,37.3460891728,-0.6676874848979595,0.8254931200816351,-2.365133567126531,-9.274715909767346,0.0334861862285719,-0.5318734783673467,2.419615682514287,-1.6893873137428583,0.6142069850163274,-1.7814987327102116
42,0,60,26.22,0,1.1,63.17,0.8599999999999994,-3.764152735849057,-13.329291936603774,8.220691449056606,-22.758739445660375,-0.452871453773585,1.79134058490566,21.11089840981132,9.23580116226415,-8.399807697735849,25.655567171509432,2.465116523410204,-2.460340950677846,0.5662161277603097,-4.697165984549269,-0.0208293930328443,-2.0775764521313773,-1.3281599957442332,1.2284908791159983,-0.8117612703284411,-3.841796465342416
43,0,56,23.32,0,1.07,64.96,0.5699999999999932,7.12048825,-6.063672318749999,12.10440960125,-10.4170487925,-0.5479445412499998,3.2484062500000004,19.84700639625,9.09563281125,-6.70970864125,31.1766405325,1.0860343749999997,-0.0229225812499986,1.3255480375000008,9.689575567500004,-0.0954097917024673,-2.2854145904665035,-0.9045539613171876,0.1804498642550172,1.5937588422817015,-0.503312048380991
44,0,52,20.46,0,1.21,62.18,0.9099999999999966,0.7699575714285712,-8.298611432857143,10.742047262857142,-17.69572567142857,-0.3060493300000004,2.57279,16.49050192714286,5.819250954285714,-12.18202426,29.188221834285716,-0.6429988571428574,-0.7591212100000009,-0.3666434799999987,2.410898688571436,0.2533192199999993,0.0019214285714284,1.676568474285716,0.8429846285714282,-0.6944406071428588,4.960546607142852
45,0,58,24.57,1,1.09,61.8,3.839999999999996,-2.759139,-12.995225284285713,10.071276352857144,-20.106624360000005,-0.3953406742857144,6.139613714285715,34.153322947142854,15.08032315,-5.289216467142857,34.00708912,-3.299604857142856,4.49229004142857,-0.025668181428573,-3.9389958985714273,-0.0644491571428562,15.858859857142852,-6.60359702142857,-6.200543821428571,-3.69810026,1.7775907742857129
46,0,59,18.9,0,1.07,62.91247640754307,-0.6099999999999994,2.0204957378028863,-8.170854679482135,10.991794834469172,-21.600871475567512,-0.4449390447678659,6.346423118833615,21.48803934623087,9.114308390963505,-8.063840032099629,30.30981368107898,3.855421594945743,0.4033749476607227,-0.6085526712451124,-1.4942471155675072,-0.0494352161964375,2.776120975976472,3.124334557659441,4.738122819534931,-2.071125069242486,-0.3917763160638756
47,0,63,32.89,0,1.1,63.46,0.7000000000000028,5.266287142857143,-9.773293561428572,13.254387192857145,-20.106624360000005,-0.5208679800000008,4.284164,20.840383345714287,13.42160498,-11.350846868571429,32.87367041,-3.245791405054257,1.602438881946437,-2.2625923583879697,-1.4942471155675072,0.0759289352321349,2.062259118833615,0.6476560005165837,-4.307296589036497,2.0554078035714287,-8.558604221250008
48,0,64,31.12,1,1.43,61.22,6.149999999999999,2.4268678,-7.861799938,7.987937955999999,-20.106624360000005,-0.3533232480000012,7.9970466,22.096236748000003,14.429541359999996,-5.479050422,31.993745822000005,-3.8614724,2.53359585,-3.403073621999998,-7.157754059999999,-0.1979261099999992,9.597211599999998,5.138359495999996,2.3176937780000006,-3.447292566,-3.3799621740000028
49,0,61,34.13,0,1.27,60.58,0.7299999999999969,-1.1907083333333337,-9.61404818,11.234059731666669,-20.106624360000005,-0.4513063516666672,4.996663333333333,21.957480720000003,11.099137808333332,-5.381225036666666,36.144168676666666,2.565748833333334,2.151554705,-1.6609091366666655,-3.290626903333326,0.0903512133333345,2.665084666666666,-0.2969285933333339,-3.4206595416666667,-1.4368486050000016,-2.5277799933333327
50,0,65,22.15,1,1.09,58.91,-2.660000000000004,-1.52225775,-7.348491772499999,8.25743991625,-20.106624360000005,-0.5305334575,0.8739091250000001,13.35615935375,10.593624200000002,-8.487876250000001,16.587914598749997,0.2040831250000001,-0.6129085100000005,-0.3443511875000009,4.936441696250007,0.0197217037499999,0.1264078749999998,-3.2988008775,-1.4758942750000017,-1.2890197562499974,2.5408587487500043
51,0,63,21.8,0,1.08,63.69,-2.180000000000007,3.8973113333333336,-6.477142130000001,13.445750337777774,-14.02646289777778,-0.289581818888889,5.887799555555556,22.73829017222222,15.776898191111112,-8.397467834444445,26.281759444444443,1.0324940000000007,-0.1100102055555565,-1.0688440377777797,6.080161462222224,0.1937497044444444,1.556261888888888,3.79246582,12.109768361111112,-0.8126434944444458,-6.880258709999996
52,0,59,26.99,0,1.31,61.17,-1.1799999999999995,-0.119895,-10.314935385000002,4.1981069525,-20.106624360000005,-0.4604026199999997,6.99848575,30.66939954,9.85443684,-6.724850265000001,32.938186175,3.434608428571429,1.8864448764285733,1.5551462489285717,1.1971567985714309,-0.1221892657142864,-1.432476607142858,-8.28725796714286,0.0294648342857133,-4.821248134999999,-4.614767674999996
53,0,78,26.4,1,1.21,61.49,0.1300000000000025,-0.0146084999999999,-12.861915109999998,12.110987435,-25.93903717125,-0.4236922250000009,7.747763875,31.81543376125,18.70661755875,-8.70767783375,30.78510963375,-0.7732554999999999,-0.4843569149999993,-0.2205318900000001,-5.832412811249991,0.0428644974999984,3.2500431250000013,4.21362160875,2.575098579999999,3.513066610000001,7.00150804375
54,0,76,21.97,0,0.96,63.44,-1.75,2.274142,-6.783260391111112,18.60895205,-20.106624360000005,-0.3755018388888892,2.9976154444444445,20.75279749111111,16.799384999999997,-4.280150122222222,27.034682826666668,-2.0480883333333333,0.7178059544444446,-3.016398044444445,6.164582574444449,-0.135962614444443,-0.332947888888889,-5.618361468888889,-6.700983266666666,0.2423666088888874,-0.5811855566666679
55,0,63,24.54,1,1.08,63.55,0.25,2.465263,-7.4593477875,10.1370503975,-13.5751444175,-0.4902398237500001,4.371990875,20.1212256625,11.56061485,-7.406642711249999,22.9193497125,-2.1768032500000003,-2.9994295925000003,-0.7865369262499975,6.531479942500006,-0.0107377099999999,1.3738734999999995,7.649711308750003,0.903825525000002,-2.5979496262499997,-3.2242966787500045
56,0,55,21.38,0,1.39,62.53,-0.0300000000000011,6.544638833333333,-7.701854113333333,12.578730876666668,-20.106624360000005,-0.4403499033333329,5.1642465,29.689153560000005,17.79279263,-12.492971,27.560064986666664,-2.5939659999999995,-3.4122876116666685,-1.0638225466666693,-2.250794756666661,0.0598116433333326,1.1650893333333323,-5.363656143333337,-10.084620530000002,4.966653513333332,7.445641795000004
57,0,53,30.12,0,1.21,63.79,-0.0700000000000002,-0.6034015714285713,-10.573189172857145,10.980013714285716,-20.106624360000005,-0.5440681128571433,5.998110428571429,24.840420368571426,15.782314028571426,-5.994172718571429,29.395521242857143,2.903101904761905,1.8839627511904773,-0.0100135009523789,-10.516830303333329,0.27010825452381,0.8310789047619043,3.8109140364285743,-0.2792557652380907,4.883855146904763,12.612821702142847
58,0,64,24.69,1,1.56,60.79,0.5600000000000023,1.4058182499999998,-7.255988289999999,8.19021674,-20.106624360000005,-0.2954251324999988,11.7449735,24.29509497,9.497134400000002,-7.964312787500001,36.22932859,4.26349475,0.1284677999999992,-3.332794625,1.6428657975000078,-0.1877708025000001,-4.749558,-0.5743205324999998,0.4947602,-4.064975624999999,-7.326181712500002
59,0,63,28.08,1,1.6,61.71,-3.910000000000004,-2.0893566,-5.079793088,13.676199728,-20.106624360000005,-0.4927738080000001,16.603951000000002,22.390245592000003,9.28330316,-12.764828804,34.606632752,0.6824507999999998,-4.244600632,-4.759870880000001,1.2604897820000076,-0.0352128680000002,-14.404367600000002,-4.489952808000005,-8.02847768,2.593264216000001,-0.7113867519999957
60,0,59,25.62,0,1.41,63.71,0.8200000000000003,4.03742425,-7.675938925,16.8048082525,-20.106624360000005,-0.5879734099999996,10.99904925,24.623002310000004,10.220186750000002,-5.39001844,35.9759948725,2.4736027499999995,1.54277803,-4.900014772499997,2.5530884925000024,0.3370082675000004,1.4979460000000009,1.1964794949999984,1.5234159024999985,-8.532403270000001,-7.5201972199999965
61,0,65,28.01,1,1.23,61.32,-0.3800000000000025,4.465987999999999,-8.416873171666667,11.310465736666666,-24.649312570000003,-0.5201454949999997,4.830532166666667,25.216157765,16.15954378,-11.382336896666668,28.39414422833333,-4.343759833333333,-0.3165215866666688,1.4020360199999988,-4.542688209999998,-0.0650377499999992,1.000648500000001,3.31495725666667,7.208360306666668,7.070518349999999,3.8297283316666615
62,0,64,26.11,1,1.19,63.82,0.0200000000000031,5.223744999999999,-6.757492164,13.058447264,-19.070560528,-0.4705782500000001,6.9968446,23.493851804,13.396998028,-3.079436356,36.49362396,-1.1734247500000017,-2.197546109,-3.343495176,1.0360638320000035,-0.3781472200000024,0.2475543499999997,5.430091924000003,3.5754773779999987,3.089640143999999,1.0883611475000023
63,0,71,30.54,1,0.88,64.34,-0.8400000000000034,-0.4313035500000001,-7.993696468,11.563385121,-20.106624360000005,-0.4135790754999998,2.69828105,15.922309891500005,9.025001258,-8.6060714845,23.186576593000005,3.859688788095239,2.054652256095239,-0.4116245710000008,2.613598249523811,-0.0184871640238102,-0.7003558595238097,0.7447129823095189,-1.5177848679999988,-2.865905009785717,-1.0769809110952444
64,0,47,24.75,0,1.21,61.37,0.0999999999999943,2.5200018571428573,-6.462814007142859,6.267939462857143,-20.106624360000005,-0.5353476457142856,4.283289714285714,27.092272514285717,16.084642857142857,-8.192869864285715,27.43333887,-2.0274129821428573,0.2137345471428586,-0.2514435991071435,0.1850188600000031,0.2080441769642857,3.0882836607142856,-0.9328953542857156,-2.468126397142857,3.4398440117857145,4.583276255000001
65,0,70,23.91,0,1.17,66.33,2.200000000000003,-0.14840825,-9.26284243875,14.08648342,-17.183482774999995,-0.3920798750000012,8.497489999999999,19.99008200625,12.28589085,-5.927807505,35.723800005,-1.039067125,-0.5709776174999988,4.306183628749999,2.9231415850000104,0.0667880512499989,4.873959874999999,4.253692658749998,6.696541362500001,0.4884874137499997,0.743043010000001
66,0,60,25.99,1,1.24,63.42,0.0399999999999991,5.341983285714286,-8.92566755,14.358088308571428,-20.106624360000005,-0.4649774114285727,4.852600428571428,24.399643747142857,9.496895391428572,-2.5284242057142863,34.79448579714286,-2.2714727857142862,-1.4157120350000003,-2.7281262185714272,-2.2034895133333308,0.0198859047619052,-0.0225577619047614,-2.832025447142854,-4.487009444761905,-4.150387102619048,5.020981957857131
67,0,57,25.282569898869724,0,1.52,62.07,1.1899999999999975,6.363783714285715,-10.08697936285714,14.58610582285714,-27.52144270428571,-0.1799607214285721,7.712755285714286,22.82619188857143,7.837796552857143,-8.061261412857144,35.734662032857145,4.305770819667854,-1.7803705677109551,2.9395454356635184,-7.14824965523125,0.273252660562842,2.222390640737985,2.069990901030472,-1.0738881983602822,3.9987673421428553,-2.3022410921428573
68,0,57,27.87054086951094,1,1.56,63.32,0.6199999999999974,7.986183454545453,-7.166848192727272,12.403421885454549,-28.7292108090909,-0.4819125618181817,8.545678,29.399830133636364,8.372704038181816,-11.224796477272728,26.86646323454546,-6.320509145454548,0.3496500452727291,-5.974936814545449,-5.769562356090901,-0.0685504178181822,-2.8536942000000014,-0.4820636083636351,0.4067898151818152,-2.2117943072727257,-22.82677213145455
69,0,77,15.782171349288934,0,1.48,61.15,-1.7199999999999989,3.627768833333333,-8.707336001666667,7.909308960833332,-16.02656678083333,-0.4107821633333333,4.5825008333333335,24.0020893925,8.498715243333331,-10.696920403333332,27.236905213333333,3.630961166666668,1.2577913171212112,2.198932903712121,-2.3318517746212137,-0.2366300139393937,0.7790575303030307,-3.3496674252272705,-1.5604057587878757,-2.3188725030303043,4.149321576666665
70,0,64,22.752763980131384,0,1.74,59.02,-1.0999999999999943,9.0457019,-5.145143085999999,12.022394354,-19.57867167,-0.473934782,14.0983592,16.640792867,6.546342220000001,-1.7900649290000004,44.8055555,1.6940768272727276,1.467191447818181,1.948123190545452,0.1166823790909106,-0.1032394152727272,2.171642527272727,3.961234558454549,-1.4283988018181804,0.1666126308181823,0.2361038636363659
71,0,43,22.20633068613798,0,1.55,61.79,-0.6000000000000014,5.220504153846154,-5.907542306923077,7.378942345384615,-32.05538436384615,-0.4500096369230772,7.919174692307691,20.94334431153846,3.081377483076923,-11.6630409,36.87330267461538,-0.2398143846153848,-0.9041669623076932,-1.4166946538461538,-5.883002058461543,0.0122902538461541,-0.6140036153846138,-0.4526914269230744,1.1626566607692297,1.545741137692307,-1.1152298546153787
72,0,59,20.538027739673822,0,1.53,61.86,-1.2999999999999972,7.383318181818183,-7.334807528181818,9.891287543636365,-22.75585938181818,-0.6334783527272729,3.542446090909092,20.95134107090909,2.3426854,-10.94890843181818,38.457445098181815,2.118239265151516,2.251812007651516,-0.4750675388636374,3.343762703181813,-0.0554636227272725,0.0444310909090908,-0.995211688257573,-2.216352509166667,0.9417666198484832,2.3023986215151524
73,0,55,24.130996839988505,1,1.6,62.57,-0.0200000000000031,1.6043313636363636,-9.58907815818182,11.21820204,-29.13102483272727,-0.4758894709090914,5.181544818181819,19.24960853727273,8.352371357272729,-13.10992186727273,18.630789975454544,-2.2607076363636365,-2.2611855654545465,-0.531455209999999,2.8023575554545523,-0.1015626063636372,-1.2723374545454522,-1.4756722718181765,3.614827921818185,5.539640214545452,-23.59921318636364
74,0,69,22.85408800828628,1,1.1,64.4,0.5500000000000043,8.327251461538463,-4.858708136923077,19.66061155307693,-14.361764870769235,-0.4920793723076917,5.537934769230769,25.861420834615384,13.044718012307694,-9.838153984615383,26.998445765384613,-3.699977461538463,-1.921194291410256,-5.087986496410254,-4.000941612564095,-0.1076658201923084,1.1264329807692306,2.3121614695512847,0.5234556010256401,-4.975132202051279,-0.0482183795512796
75,0,73,23.221624511343517,0,1.0,63.35,0.5900000000000034,5.759175615384615,-10.507364764615383,8.97349202846154,-27.122405809230766,-0.3601084953846153,4.229101384615385,18.77424850076923,1.925349803846154,-6.76661760846154,32.691541449230776,0.5252716153846153,-1.8023744369230776,-2.3770464453846145,-11.950100884615384,0.0983187076923079,1.691291076923077,4.112658654615382,-3.063577489230769,5.30393124230769,9.789895120000011
76,0,62,26.02826689832604,1,1.23,64.55,0.4899999999999949,4.338513923076923,-9.478260794615384,15.330201985384615,-27.825473612307693,-0.4703449276923076,3.614538384615385,19.571546169230768,5.361918209230769,-6.2436313553846166,25.08766478538461,-1.1880705769230762,0.6437271353846157,-0.4927718421153866,-3.46486395480769,0.0959855523076923,-1.0521654487179477,-0.3718133232692331,3.672896137564102,2.8365624346153844,-18.66296872628204
77,0,60,24.03460983816696,0,1.33,65.29,1.3800000000000097,9.038862266666666,-5.878255346666667,14.030534700000002,-23.748648450666668,-0.3622047600000004,2.5332741333333333,19.656486560666664,8.594581120000003,-15.775964262666667,39.90146313333333,1.2691608666666685,1.7256922840000009,2.488061723333333,7.506279892000006,-0.0526507579999996,2.931159599999999,0.2413352613333401,-4.3581699766666695,6.150215631333337,-13.609885985999998
78,0,53,24.228395061728392,1,1.61,60.28,0.25,3.125515545454546,-8.453098607272727,7.282165309999999,-21.87213690636364,-0.482444059090909,11.815943363636364,30.72037376909091,11.194056473636364,-11.258258076363637,35.18254961545455,0.9458920909090912,0.4385708200000024,3.2081873799999983,7.94830071545455,-0.0568444545454557,1.0946010909090926,0.0131506336363607,0.6477542236363618,1.1382181709090915,2.119411412727274
79,0,62,46.80384550514421,0,0.86,65.16,-2.469999999999999,5.7845611,-5.8657334630000015,14.7407842155,-7.527078970499997,-0.4447199618801027,6.346423118833615,21.48803934623087,9.114308390963505,-7.1085777475,32.44512006250001,-0.345656299999999,-0.0480389405000014,-3.8356529700000017,-0.5804750599999968,0.0251335761198973,2.6544219128451854,16.300298529736565,5.294868105372667,-1.8124523220000013,2.9217395125000145
80,0,69,33.01146045641351,1,1.2,60.53,-5.739999999999995,-3.0628046666666666,-4.166858835555556,19.03393596333333,-18.211189686666668,-0.5008873177777775,17.177916090909093,21.51921154909091,12.30878618181818,-1.6943624190909092,17.75875392777778,-4.761354083333334,5.783503401944446,-0.6073562450000054,5.641418524999995,0.020237753888889,15.996424194444447,9.96360255694445,7.600859691666669,9.455314794444444,-26.272782441388888
81,0,82,27.46807607731183,0,0.59,68.0,1.8599999999999997,1.741962181818182,-5.563613989090909,15.833982750909088,-6.875648296363637,-0.2693104990909089,1.0913953636363638,11.515345039090908,8.028639949090909,-1.9923022472727276,27.01973584909091,1.3093060984848484,-0.3334737340909086,-3.3434165665909124,-8.127012978863636,0.2539795684090903,0.0930935303030303,1.4571385074242418,2.0256124299242417,0.0196747052272725,-3.467960305909088
82,0,62,21.19375573921029,0,1.27,62.97,0.490000000000002,1.2501631333333334,-7.07525729,16.06351096266667,-15.661930282666663,-0.4524271526666667,5.467886466666666,15.086587426,4.040070000000002,-3.169124990666667,35.136992760666665,-0.2558248208333334,-1.2292163906250018,-1.9324454426666708,-3.860425629208336,-0.0797884467083331,-1.5933063416666666,-2.95955271475,0.9001491749999984,-1.427642639958333,0.8755117262083374
83,0,50,34.3608473338203,1,1.34,64.52,-0.2700000000000102,6.485618384615384,-7.406779113846152,16.14206921076923,-20.693426840769227,-0.4447199618801027,6.346423118833615,21.48803934623087,9.114308390963505,-8.063840032099629,30.302720699101624,1.226179769230769,0.194959380000002,3.494320724615383,1.3419943769230829,0.0424889142737435,-0.1558297294625052,1.0952638138134816,2.833360051872667,-1.9704557443166355,-12.487128984231711
84,0,26,21.506519274376423,0,1.35,61.91,1.009999999999998,5.976415000000001,-7.666539955714286,14.337297244285717,-20.985389320714283,-0.4237302435714283,6.356699428571429,24.907100440714288,8.658607177857144,-6.321439997857143,34.31568059928572,1.083643076923078,-0.5945852995604399,0.0571935581318676,-0.8439038407142867,0.1442736718131868,2.048754197802197,6.826024253791211,1.0718271186263737,-1.1902247732417583,2.3608991915934148
85,0,66,23.10963905303173,0,1.35,63.89,-0.5100000000000051,0.6008685384615385,-10.088649928461535,14.921308713076922,-32.10367118999999,-0.4251681892307695,7.152896384615384,22.696812255384614,8.460273343846156,-7.026914055384614,36.51330923,1.3862124615384617,1.5773687570329642,-2.762997182362636,4.530712621428563,-0.1160136793406591,-2.939925456043957,-6.098114475384616,0.7638365275824146,-1.020691295329673,-9.689195648571424
86,0,26,23.62948960302457,1,1.11,65.12,1.470000000000006,-3.716283357142856,-5.875012277857143,8.716708947857143,-25.569646839285717,-0.2932206821428567,5.069549714285714,20.840780892142863,15.836558610714286,-4.463619196428572,30.19348381714285,2.6595371263736256,-0.2089811613736261,0.8589771036813172,-0.9742966614835212,-0.2696618901648354,0.3895950549450546,-2.241331660604402,-3.600037738406593,-2.838261452032968,0.390016880549453
87,0,29,27.514872904272583,1,0.69,62.92,-3.5900000000000034,3.336772142857143,-4.702323820476191,16.960039257619048,-4.279148376190475,-0.4736302966666668,1.7138457142857144,8.545989195714284,6.731458418095239,-3.2535392199999995,24.870013523809533,-1.4996925238095231,-0.3618070628571432,0.0749542190476191,-3.109129525714285,0.0370855828571426,1.2860840476190476,-0.1276758104761928,1.53655507904762,0.5260717642857147,2.2890121428571533
88,0,55,26.171344499773657,1,1.38,59.06,-1.6699999999999946,-3.687369769230769,-12.193438015384617,8.047641854615385,-23.457279340769237,-0.3495950946153836,10.384388307692308,23.20746649153846,11.32823623076923,-3.4028249784615383,36.96703671307692,8.625922692307693,6.36587434923077,-0.6745822669230765,1.9233855915384657,-0.1625853592307702,-4.539025153846154,-11.02335269923077,-8.333947538461539,-4.69468051,-0.9671104746153816
89,0,51,26.12244897959184,1,1.41,61.25,-0.2199999999999988,2.165555846153846,-9.039880143846156,10.259270421538462,-34.71702905769231,-0.3698681461538448,3.847537769230769,19.759324500769228,11.763004264615384,-7.251394108461539,24.711329310769223,1.4281240769230767,-0.4658437069230761,1.823194592307692,-4.541183550769233,0.0911738446153868,-2.7695232307692312,-7.877776432307694,-5.477593149230772,3.6160654365384586,-0.8270776558974404
90,0,56,24.088223117166624,0,1.46,61.67,1.5200000000000031,4.890609538461539,-5.5232576515384615,9.26972048153846,-34.06326151923077,-0.3609221846153843,10.303420153846153,24.385766030000006,18.183328669230768,-12.729785659230773,21.442391245384616,2.627075455128206,-0.1090918832051279,-1.2219122901282071,-0.4088255025641132,0.0344647070512827,4.219320070512819,5.316195640000007,4.122547752564101,-3.0298016925641047,-4.363257504615387
91,0,49,28.567127103014798,0,1.24,56.12,-6.640000000000001,4.761895812500001,-7.3592742275,11.213268023749997,-19.251231859375,-0.4532521543674888,5.482124225180479,20.747209025503462,8.90113431735247,-8.45571347449233,31.58661716368205,1.2453037589285714,0.0588935625000006,2.29091496482143,3.030525667232137,0.0020577522246324,-1.1275581537519068,-6.01773586407489,-5.294463853066756,4.758730554492329,5.415060183460806
92,0,48,22.77089841544657,0,1.21,63.26,2.5,-3.6977061875,-10.609290506250002,5.222195163125,-31.748728463125,-0.35568925375,1.935828375,16.535873443125,4.739086960625,-12.16917202875,26.5727658125,0.0689077500000006,0.4307995181249993,-1.3439703250000008,-0.476421531874994,0.0877328799999999,-0.1876969374999999,1.9432736343749968,-1.046808260625001,0.324592170583335,1.0406131458333334
93,0,86,23.93606231490121,0,0.93,65.1,-1.7900000000000065,2.05801289461786,-8.306608795146184,11.646560387193622,-20.37319304905446,-0.3641781719999998,2.94965585,20.641556109,3.2611444860000005,-4.1976488015,28.7616413795,-4.38480169461786,0.9013909731461842,0.4936166358063776,0.5556757495544602,0.0032396615,1.94780145,-6.267689635999998,-1.1563009390000003,-1.2998122984999991,4.032743263000008
94,0,64,20.06920415224914,0,1.24,64.44,2.3599999999999994,-0.0651188333333333,-6.765724773333333,6.759596781666667,-24.57342887444445,-0.4458552622222222,3.555014777777777,21.67027387555556,10.095488911666664,-11.323294849999998,32.80555718722222,2.392031950980392,2.349630426862744,0.6232371065686264,0.5798491873856229,-0.079285750718954,0.8554486339869287,-8.195003457320263,-2.3974901822548995,8.412665626470586,-12.427652648398691
95,0,25,19.57168128269788,0,1.49,64.93,0.8000000000000114,3.4017097692307696,-9.669777483846154,8.280753658461538,-24.83833480076923,-0.4270911669230769,6.306631,25.797727901538455,5.963624248461538,-8.071630612307692,38.06120489923077,-1.5724783974358965,-1.6689766655128206,-1.7370416898717949,0.2048316558974363,-0.0873803469230772,-0.4426022499999993,-3.3194805601282056,-1.6621903273717944,5.565834190192307,1.2629617233974386
96,0,58,23.243408017070564,0,1.38,60.16,-3.270000000000003,-1.0854734666666668,-4.992422466,6.190686754666667,-22.384259193333328,-0.4988762273333334,8.131000533333333,22.52363875733333,2.2366648346666667,-13.612384849333331,35.18987633000001,-0.794673933333333,-0.5268803093333343,-2.7756709666666675,-10.601227546666678,0.1148646893333334,1.4006993999999988,-2.083916831333333,-2.4411875126666667,2.382064753999998,-8.34787235666667
97,1,69,26.533758829646096,0,1.05,62.12,0.0499999999999971,-0.7137737777777777,-12.167829914444445,17.63376868,-5.687504404444443,-0.4684385555555554,2.5549292222222224,21.62965240888889,15.701484288888889,-7.835734077777778,24.811699625555555,-0.2192028888888888,-1.1797546122222222,8.32162984,11.015560385555556,0.0153797033333328,-2.666854444444444,-11.518753212222212,3.7467009499999975,-2.1664355577777785,-11.486226048888888
98,1,51,33.288125255800146,1,1.06,63.72,-1.7399999999999949,8.453749,-6.83876633875,18.03373753875,-20.5922948025,-0.4435097175000002,6.749511750000001,17.03741162125,17.303866225,-3.13744150375,31.00836854,-2.179672499999999,-0.1941196412500003,4.39659433125,2.3683074887499984,-0.0707354300000013,1.1257996250000009,2.73539646375,8.97379227,3.7190113075,4.7256067362500005
99,1,74,38.75839486785392,1,1.19,65.11,-1.5999999999999943,9.762897999999998,-7.375990122857142,20.349710355714286,-22.69250510857142,-0.3110708899999991,6.749511750000001,17.03741162125,17.303866225,-3.13744150375,30.294280228571427,5.93337085714286,-0.9056227057142872,1.647485217142858,11.13192682285714,0.0249755157142845,-0.998697285714286,1.698319427142863,2.86120131857143,2.2251763471428574,-4.7998251614285685
100,1,50,25.91,1,1.14,62.7,0.6600000000000037,2.782557,-7.74550868,8.662970905,-33.632223865,-0.258396411666666,7.331643,28.64578092666667,23.8957068,-7.556342108333333,32.64508062833334,0.8433255999999996,0.1789402520000012,4.025740276999999,13.702297372999997,-0.2191882723333338,1.468028200000001,-1.23290372266667,-3.988383276,1.650950372333333,-6.062518640333341
101,1,62,29.54,1,1.13,56.03,-8.030000000000001,-3.5159146249999997,-8.89446852,16.767431097499998,-13.194131989999995,-0.4498440374999997,7.870368875,17.962809381249997,18.57871025,-6.285444191249999,14.4442534625,-8.1405625,2.447452714999999,4.83557886875,6.709218947500004,-0.2349967475000003,2.2480541249999995,-4.256011245000007,7.490603092499997,1.4989276950000017,-20.783598927499995
102,1,75,28.28,0,0.92,64.57,-1.0100000000000051,-3.086236923076924,-9.138044553846154,16.328902886923075,-9.53471065,-0.3639508430769232,4.613088769230769,20.04682710769231,19.989990430769232,-3.902236068461538,12.51054088153846,-1.3963187435897435,0.7641570488461529,-3.2100046485897438,-2.8838739725,-0.0238363510897434,0.8016283974358966,-0.2364620793589757,-4.926430186602566,-0.823301634871795,12.27745548596154
103,1,61,28.73,1,1.05,65.07,0.0999999999999943,-2.5584872,-11.082734989,16.486434104999997,-24.129313990000004,-0.3110388950000012,3.2969410000000003,17.426793791999998,17.4857383,-0.472183648,23.957789737,-1.7156136999999996,-1.4931696800000012,5.045120405999995,0.1252585419999938,0.1792020059999984,-2.8008874,-5.941288930999999,-1.8775146289999969,2.823440364,2.3907418220000025
104,1,49,30.72,0,0.86,70.19,-8.299999999999997,10.583513166666666,-4.029132895,18.82648521833333,0.8928382300000002,-0.5256293416666665,1.331438,9.938679218333332,9.3100978,-3.1701775483333337,12.668786099999998,0.0,0.0,0.0,4.921971125000001,-0.0095902096666663,-8.8641696,-8.055103505666667,-1.220480096000001,10.224885823666666,-14.625685652
105,1,62,30.93,1,1.17,61.86,-3.0,2.2649195,-7.83568477875,12.72159199375,-21.12134886875,-0.5515074787499998,4.12311225,17.082650166249998,16.181612375,-2.6009674025,19.70581935875,-3.566456500000001,-0.5047745109722221,0.1576294715277768,-5.509668339861108,-0.1222024087499997,-0.6520814166666664,-5.753399804861111,0.616566517222223,3.048334970833334,-3.2545773390277724
106,1,61,33.56,0,1.2,65.4,2.930000000000007,1.2854008181818182,-7.479789964545454,15.268567119090909,-16.110121224545455,-0.455185941818182,3.4516309999999994,13.48110059909091,4.470992072727274,-4.12928337090909,40.08812027909091,2.2955895818181817,0.2038182645454531,-2.3208655940909093,-3.9965031354545495,0.0073398838181817,2.5454691000000005,6.124574149909089,6.006940967272726,1.2800587759090902,-18.246750477090902
107,1,63,23.98,0,1.32,61.21,1.1099999999999994,1.9411455555555552,-9.15063868777778,13.572038938888888,-14.766587806666664,-0.4114744888888882,7.107205444444444,29.644880365555554,30.418739288888887,-4.186569553333333,15.65282624888889,1.2164876805555551,-1.5850767440277789,7.411570247638887,-10.604402154166666,0.1121419273611114,1.4848234444444444,10.268551835555556,23.51426893888889,4.443467882916666,-16.554161894861114
108,1,75,25.39,0,1.18,61.94,0.2800000000000011,3.14932425,-5.6143525075000005,20.52799745875,-23.154312475,-0.3443500299999998,6.246975374999999,22.9764911,23.2795613,-4.186916305,21.0665522975,4.288079392857143,3.827855229642856,9.924296041607144,-3.9360769821428576,0.1954901314285714,-1.323499910714287,-2.4917991514285767,12.079739642857144,0.946104522142858,-10.920774071071436
109,1,76,26.87,1,1.13,62.04,-3.009999999999998,2.4533532222222223,-6.876514514444444,15.391797147777778,-10.642435468888886,-0.3798651399999999,3.5540255555555564,20.97887137222222,21.29108157777777,-4.32240299,22.775333163333336,1.0461164444444444,-1.7704713888888888,-0.514183522222222,-4.593296983333335,0.0539978600000001,0.6674545555555547,-1.33879327333333,-4.040199088888887,2.2037625533333327,-1.8951855666666688
110,1,78,24.54,0,1.22,62.14,-1.5700000000000005,1.33574825,-10.842761725,15.737463047500002,-14.2989147325,-0.6630150100000003,3.247564,15.40559077875,15.236312025,-6.7872822625,25.17604200125,-0.8404865277777782,-1.3654265727777766,3.1751446608333342,-0.26322994027778,-0.4103531988888898,-2.750621444444445,-5.206980709027777,4.521577736111112,-0.6098472225,-3.837925008750005
111,1,53,30.25,1,1.23,62.43,-0.7100000000000009,13.064529,-7.912183290000001,16.96173008,-23.31003901833333,-0.3954054833333326,9.998236333333333,33.60489717666667,17.375367853333334,-3.4247759866666665,32.02506831166667,-2.7047594285714283,-1.9929574500000011,2.412411535714288,-0.9618595245238132,-0.163975585238096,-2.4275361904761903,-4.030444019523809,-5.73287232047619,0.3793171838095235,10.022016232619045
112,1,60,22.26,0,1.19,61.83,-1.6099999999999994,-0.8983911428571428,-11.482016697142855,9.634417825714284,-17.065419527142854,-0.5437104557142861,3.709508142857143,26.240566224285715,26.364047891428573,-13.799390669999998,16.798926745714287,-2.5017936428571423,0.3595286778571438,4.303751196964286,10.475145302857149,0.1156400242857145,0.2101616428571433,1.517903198035718,23.205485641428574,-5.375181521249997,-23.718480129285712
113,1,33,26.34,0,1.26,64.82,0.5899999999999892,6.332292857142858,-7.679475048571429,7.811511011428572,-20.328705615714284,-0.4575237685714287,3.8548698571428575,21.62020293142857,8.12924681142857,-5.370934718571428,29.999656091428573,0.1166995714285707,1.353461932857142,6.082189138571429,5.25210847285714,0.1243164271428592,1.5707198571428571,0.050047211428577,3.907237217142857,-5.011980931428573,-5.195864184285714
114,1,57,27.43,1,1.04,61.64,-2.5400000000000063,7.171394749999999,-6.12590608375,18.5496579825,-10.364661401249997,-0.3443874374999993,3.373406125,16.18917021875,16.706491749999998,-2.0853456950000004,27.435941806250003,-0.0408976944444461,1.1464652729166651,2.841000971388887,8.567948337638896,0.2834874202777784,-2.290410874999999,-1.7203924812499984,3.897522394444442,0.292209496111111,1.800843079583334
115,1,69,24.13,1,0.92,58.45,-6.140000000000001,-3.394542416666667,-8.938527191666667,15.259636203333336,-25.257116765000003,-0.3659090875000007,4.332619916666666,13.96184176,13.004818516666669,-2.3923822408333333,22.82979948833333,6.408983108974359,3.852315246282052,5.462148164358977,10.698191083461545,-0.0130085786538456,-0.9487473012820508,-1.7778271392307694,-1.199010193589741,0.2988149383333329,-1.0331504333333328
116,1,50,28.34,1,1.53,58.17,-1.8200000000000005,2.0571742857142854,-7.61804671,8.878620758571428,-25.103262834285715,-0.3916418857142855,11.997596,26.07737633142857,21.84384388571429,-2.4061499242857147,26.362780772857143,-3.3135307142857147,0.5227693714285717,-0.8897634057142874,-0.6816180628571438,0.1222918914285708,1.0005338571428553,-3.4589063542857126,6.537650400000002,3.1597452100000005,-9.022680978571437
117,2,74,30.66890495867769,1,0.94,65.81,-1.2800000000000011,7.208190076778982,-4.351101418553707,16.87509610208596,-5.625262522076759,-0.4829586838346581,0.7691021486914794,5.904411989099139,-0.3099717017425791,-18.290448597560356,28.91402178273207,-1.0618450477741384,-1.867619633474085,0.6578010766552111,-5.944354221468875,0.0075845625430228,0.0767872540542498,0.3064214720642457,3.992353945981092,-0.7428927595127242,-5.605907671960853
118,2,74,28.393726338561383,1,0.82,63.62,-0.3900000000000077,-1.4452061651624202,-5.0340447132165504,16.816761299535422,-4.18997189433594,-0.4293129245681552,0.937166945552106,6.344943549703505,4.007080449434895,-5.6536926168580734,22.522001875638704,1.152695811495333,0.1763143108331748,5.928357739163406,-0.8743271532824193,0.0166928797684466,0.3373379912537508,-0.5189112623331207,0.2960413787649942,-2.3533543126228342,10.262931108713351
119,2,65,30.043262297708697,0,0.74,62.5,-4.8700000000000045,2.651841228848162,-7.656627789427406,18.36180032192061,-4.598267551017637,-0.351808446188299,2.8943853661719223,5.994960625926893,-0.2453348228918996,-14.186881648115287,27.87731241625044,-0.1886885586404503,-0.2431078228548679,5.615390904138248,5.279798999232231,0.0753169469334981,0.8446141552422763,-1.0140335258378927,-0.1180229961688563,-5.8355461443894185,5.25379251425197
120,2,92,25.969529085872576,0,0.48,63.92,-3.3499999999999943,2.336142714631375,-1.3400072746192262,11.659610970427076,2.369250989693945,-0.5558676539647738,2.5555712646438726,3.1112877369442,-0.4176401527318724,-9.425863783546292,12.323534305932956,-0.4150513802618054,-1.5965696097249091,0.3324896583616592,-0.6266002313890449,0.2031073196388979,-0.924132463570586,0.7119089562268499,4.300804226102879,-1.6618895459497391,2.8352375246714026
121,2,87,26.42356982428326,1,0.82,61.51,-0.6799999999999997,7.184103209401304,-4.548815666662833,15.715911060887027,0.2730921042248851,-0.4411716553182166,0.7493316972398879,9.238846454232368,9.112516867710688,-5.939507638576679,25.47889785633673,0.985147864597172,1.8471624532933169,-1.3519020341142731,2.950241798780644,0.0675915655023185,-1.5573282979886036,-4.061052891719104,-0.0094946447735377,-1.067792632926432,5.530037899738264
122,2,78,22.49134948096886,0,1.33,60.62,-0.3200000000000003,0.1449346381444196,-7.0392564088277005,11.36927293351193,-14.680070359032248,-0.4985888626642751,1.6844732492723329,18.61093714976379,10.249285014600874,-11.31578731745827,22.41464418277127,-2.779151356161801,-1.4550099773872915,0.0230860958524719,4.193372149776218,-0.14679714736857,-3.312538556914285,0.473956677670678,-0.4178538932833238,-1.5366011682727283,-3.333158766192465
123,2,82,28.344671201814062,0,1.02,65.58,-0.3500000000000085,8.711293386249075,-4.885632591043279,15.452485917047568,2.710111306825596,-0.4835819077488545,2.221067707429351,6.442619206131098,-0.2562186815542365,-12.28926492025292,28.45948861507806,9.280397689951762,0.9803062084427544,1.0512515086705465,13.210686191928309,0.10344603246388,-0.4831685106084094,-14.597535668425309,-5.35554562703893,7.680549101839936,7.798255163595343
124,2,76,48.163389727175726,0,1.15,63.76,-0.4799999999999969,5.632610333333334,-8.231512944444445,20.40238675333333,-20.106624360000005,-0.6080714544444444,1.1112077777777776,7.094931574444445,0.4058127733333332,-8.439713775555557,36.17552722222223,-0.6784839999999992,-0.5846154033333333,-0.2087467266666678,-10.226469420000008,-0.1000252511111108,-0.2206611111111112,-6.551376130000001,-5.331548235555555,-1.2034713133333348,6.198513666666674
125,2,71,29.75,0,1.14,63.8,0.1499999999999985,7.935402714285715,-8.0351187,16.702205871428568,-20.106624360000005,-0.2856497314285712,4.426549285714286,18.64154794285714,6.916563857142857,-2.968938605714285,34.97237410428571,-0.175006857142856,0.7835014628571422,-0.6412575414285762,-1.2421049571428604,0.1576492514285719,-1.857061857142857,-1.93520264,-1.7678311142857153,-1.8749319942857137,-5.981871268571432
126,2,72,20.429418362441915,0,1.21,64.42,0.0900000000000034,-7.124463375,-10.0865097725,14.46535116875,-20.106624360000005,-0.5629409350000004,4.1221548750000006,22.3877612775,4.79910424625,-4.624772627499999,36.3437568525,-8.1989375,-0.0416408562499999,0.4213062612500007,4.811257424999987,-0.2776979012500001,-3.126748749999998,-1.1652324199999988,-4.242209507500002,5.542910633749999,-2.3088229737500043
127,2,57,33.6,1,1.12,64.47,-0.5700000000000074,4.388221142857143,-7.411070398571428,15.184607688571427,-28.54660624571428,-0.332148251428572,3.1418350000000004,14.075573515714286,8.790103714285715,-9.251358565714286,28.840513142857144,0.2244177321428573,-0.7041001864285716,2.191349263928572,8.439981885714275,0.0113739939285726,3.2313364999999994,8.032145681785714,6.001267710714284,3.095927890714284,3.776534998392858
128,2,67,29.699532887261707,1,0.93,64.83,-2.719999999999999,10.5580135,-8.618175747499999,18.9762007625,-20.106624360000005,-0.4188898224999997,1.25002575,11.50962560375,7.8220917525,-6.73909374875,29.8365376375,2.430539875000001,-0.6989863687499982,-1.3780785600000025,-5.191303675000002,0.0241306350000004,-1.373609,-0.8056935700000007,-0.5868799312499995,-0.9244025850000002,-7.836302655000004
129,2,71,28.58,1,0.98,66.2,-0.3799999999999954,8.775478666666666,-5.6710105,18.1233155,-12.174642841111114,-0.2899765866666671,4.219956222222223,15.62523299777778,6.486752797777779,-7.583392297777779,32.21366268222223,-1.5309057666666668,-2.822269575,1.3910387260000014,-7.931981518888891,0.0518755396666663,1.0780266777777785,11.17385979522222,10.00834767122222,1.520754838777779,-0.8869024482222301
130,2,49,26.13,1,0.96,62.48,-2.6100000000000065,-2.2442978,-8.866203078999998,12.963691254,-9.957070609,-0.4873140699999999,0.2999174999999999,17.869432230999998,16.76890624,-6.583082274000001,21.90170286,4.6610806,-2.3146637130000016,5.253362354999997,-10.149553751000006,0.0805311100000005,0.0990359,1.8207588570000048,0.2878677980000006,5.182236186000001,-0.6551937919999986
131,2,69,25.931860347444765,0,1.1,63.54,-1.890000000000008,0.6938524444444445,-10.305238507777778,8.654483116666666,-8.869099198888888,-0.2442042444444446,0.6657705555555555,11.92667764,1.9331157777777777,-15.185185856666669,28.69905311111112,2.8230008888888887,2.1256868688888897,5.21652140777778,-11.237525161111115,-0.2090755888888886,2.3332316666666664,4.031063417777778,6.746909404444444,5.675769966666669,-1.2297117188888933
132,2,69,24.09,1,0.87,67.54,3.050000000000012,5.3112925,-5.352144716,14.665568976,-8.571080829,-0.5231670960000009,1.5982035,14.628637912,8.905414948,-2.796941141,32.621001566000004,1.4444926999999996,-0.2478568990000003,-1.872680686999999,3.104872201999997,-0.0707417910000013,0.2992051,2.0136250529999984,2.4088663870000007,1.5118840250000003,9.608808206000004
133,2,69,24.52,1,1.02,63.91,-1.6099999999999994,6.366580857142857,-5.662329087142857,14.109576574285713,-4.540680929999999,-0.6586572414285713,4.570055285714287,6.319763828571428,3.3259361142857142,-7.804963205714286,29.01895257142857,-7.373119857142857,-3.274709354285714,-4.960500872857139,-14.28318803714286,0.205625647142858,2.999457,15.838642728571427,4.77494881,-0.8782859614285714,2.93951771428571
134,2,64,27.78,1,1.31,64.15,-0.9499999999999886,2.5565655,-11.394284943333334,13.498631726666664,-18.445445021666668,-0.5487372783333334,6.4982455,21.441271705,13.728945175,-10.768496573333335,39.13088986499999,1.3282449285714286,1.0531069023809536,3.5596210680952343,2.758297436904762,-0.23592393547619,-3.3556110714285703,-11.648313922142858,-2.2118757192857164,-4.582394493333336,6.506573786428561
135,2,73,24.42,1,0.81,59.88,-1.7199999999999989,5.662848374999999,-7.85292894625,16.470054465,-16.647934555,-0.4311765137500007,4.87249075,19.9124668925,15.654741825000002,-5.0193181175,21.2180242925,-4.215928249999999,2.2419614449999994,2.5193106175000004,-0.7244385962499997,-0.1660549099999993,3.753220875000001,-2.735846918749999,-5.248320737500002,-1.8794153937500004,5.456188167499999
136,2,65,29.76,1,0.99,63.12,-5.170000000000009,3.228494125,-9.38448381625,14.3321924,-11.318341300000002,-0.3890674699999994,3.621943375,13.8742595425,6.30248885625,-6.2757114125,28.2753803625,0.5209113750000003,-0.0654603512500013,1.3164816275,6.6768605924999935,0.0682641425000002,0.3733836249999998,-6.538244405000004,1.1031543600000004,-1.1865771874999993,-5.948582771250003
137,2,53,34.16,0,0.7,67.1,-1.7600000000000051,3.3965965454545453,-5.383063524545454,20.29634950090909,-13.429706121818189,-0.5504456454545459,1.3636073636363637,10.215869992727272,8.995985509090909,-3.0429746509090907,28.88751043636364,1.8150753636363632,0.9022999618181826,0.411574329999997,-3.556147612727278,0.0292827672727273,-0.9995680909090916,-9.976668516363633,-6.401761251818179,-1.3180257145454544,0.3777940836363633
138,2,49,25.78,0,0.85,64.52,-3.740000000000009,6.08542025,-5.13089514625,23.111782093749994,-1.3548594987499984,-0.4492291250000001,0.371883875,8.593694713749999,8.330086825,-4.454924677499999,40.15059575,-4.465010375,0.3226719550000005,-16.699210146249996,-31.035309066250004,-0.1037992274999998,7.752241625,8.189001296250003,-8.8831151775,1.7925014987499992,-5.882565003750003
139,2,84,29.28,0,0.72,69.12,1.990000000000009,1.1763922666666664,-8.462855242666668,20.10948131266667,-10.981355682000002,-0.5670840286666665,1.4658657333333334,15.180910656666669,4.1776000380000005,-2.5171563686666665,30.52938818333333,-2.6130534666666665,-0.4184686626666654,-6.59806115066667,-0.171912769333332,0.1560985826666665,-0.4662317333333333,-3.187336710000002,-1.4021772680000009,-2.241308714666667,-1.7993617000000022
140,2,73,31.18,0,0.97,65.2,-0.75,-10.664530714285714,-14.095857402857144,10.519572565714286,-21.69361588142857,-0.2944739342857141,0.1432441428571428,12.149595582857144,2.173310215714286,-7.265529244285714,28.971447907142853,8.811245714285715,4.833372950000001,-0.3828607628571419,14.635433104285712,-0.1059705257142853,2.141520857142857,13.131873372857148,22.339045412857143,1.3820690957142858,-9.016167747142852
141,2,68,23.59,1,1.03,66.22,1.0300000000000011,0.8040774444444445,-8.762393765555554,13.114085298888888,-18.040169096666663,-0.4054575511111122,3.1088592222222218,19.530890717777776,16.868381977777776,-7.292112895555555,26.94342401666667,1.0899226666666666,1.4902962711111083,-0.0279715344444468,-1.187183603333331,-0.1288896422222213,-0.5550396666666662,-2.918474302222222,-5.350997721111112,-0.2166283122222232,0.1227302766666653
142,2,58,19.40935829675416,0,1.24,60.06,1.5399999999999991,3.993221714285714,-6.795514168571429,10.406358635714286,-20.487744874285717,-0.447689325714285,3.998185428571429,17.16179339,6.202677012857144,-8.606102754285715,29.37116617142857,6.114584142857143,2.209009332857144,2.1004537728571435,9.798507628571429,0.0159044971428579,-0.7144424285714277,-6.582743308571434,0.8496814985714298,-4.318665982857143,-4.401114131428571
143,2,55,25.3,0,1.01,63.44,-0.5600000000000023,3.36931425,-9.067690515,18.9171785075,-12.8304926725,-0.4972381612499994,4.87193975,20.54765947375,8.8968034775,-2.38746742625,33.6402415975,-2.908748625,-0.008781202499998,2.9839016974999986,2.765746159999999,-0.0842486125000006,-2.122668375,-1.7146379362499964,-4.9657553625,0.517448895,1.3761978
144,2,78,30.86,1,0.82,63.17,-7.090000000000003,9.777809785714284,-5.045133547142856,14.632861464285716,3.2032956314285714,-0.5789996978571429,1.3559772142857145,7.320149132857141,3.7961389571428574,-7.895213825714286,25.033283928571425,-3.9737223571428553,-2.1242291107142863,3.18809896571428,-5.933593565714284,0.0,0.0,0.0,0.0,-1.9199104628571424,1.7313705714285774
145,2,66,28.6,1,1.25,63.92,-0.6299999999999955,9.118368,-8.607812718571429,17.68931638,-18.10095263714286,-0.4642110457142853,2.9981582857142857,15.968782798571429,8.651769134285713,-7.333483104285714,31.38533577142857,-2.615122125,-0.4386907339285706,-4.707581425000001,-2.0558052528571373,0.0078809519642856,0.6248014642857145,4.982514500178574,2.979281381964288,0.3842406117857138,4.075856813571427
146,2,66,30.15,1,1.05,63.8,-0.7199999999999989,-1.0995198,-11.351470014,13.8249696,-10.49607028,-0.4218465549999995,5.698072099999999,19.954674446,15.810726399999998,-5.196750076,27.906284424,-1.5785087000000004,-0.9041028410000004,-0.1365627459999974,-0.0197454130000007,0.0357757399999994,-2.599008199999999,-0.4666811200000005,-2.175679439999998,1.4210512709999996,-1.4625760240000003
147,3,60,28.09,1,0.94,64.65,-1.5699999999999932,2.9650396,-8.385545744666665,19.920204837111115,-15.01730362822222,-0.4280105711111109,2.0656045555555558,16.992363603777775,12.273202117111111,-5.787206441555555,23.835599496000007,-0.3144739636363636,0.1284149646666641,-3.71764084324748,-0.7695305597323276,-0.0457792216161618,2.9791014444444444,-0.3967850690050518,-4.48657763438384,2.5427225911010094,7.478075428090896
148,3,68,25.56,0,1.06,66.54,1.6099999999999994,4.628101,-5.583275050196078,16.6766357672549,-23.38186405627451,-0.4071715107843134,4.899371862745099,24.34551681803922,22.595901270588232,-2.417190760784314,20.467342456470583,-1.52926086,1.033488673603923,-1.9095974403450988,-5.85315536567451,0.0874089498156864,1.9200143427450984,4.978221182639217,3.828806150588232,5.515768122215684,-6.376125070929412
149,3,75,24.36,0,1.07,64.49,-0.7199999999999989,7.55517904255319,-8.143993359148936,29.42941469468085,-4.171856311276595,-0.486252774468085,1.8076346382978723,16.706595148297872,17.313728731914896,-3.028905915531915,26.695004531914893,-3.055832868640146,-0.5272299232423681,-4.210517634463464,-8.318349686549492,-0.0157982509666976,-0.1564997904717853,3.733500390180385,3.8659783724329273,0.4692422750971325,-5.980644858001849
150,3,60,33.41,1,0.83,65.13,-2.260000000000005,0.6729793170731707,-7.052169266341463,16.605145682195122,-8.060427035609758,-0.3626491443902436,4.168374878048781,17.558056895853657,11.421150458292685,-1.2112824029268294,27.6212455897561,4.013000048780488,3.6657088424390247,-3.4852624582926843,0.9663746880487788,0.0093074065853666,2.755838390243903,2.396616565365852,0.2414290146341446,3.708746549756097,0.1039261187804925
151,3,81,25.91,1,0.72,67.4,3.3599999999999994,1.02618875,-8.53130313175,19.50900800125,-5.870006597249999,-0.44245150125,1.832394857142857,14.805122924761903,9.390448646428572,-0.8046240126190476,27.589593671190475,-2.334482845238095,-3.452242309845237,-3.7346424604166657,-9.56676960915476,0.0369482392261905,0.8745367523809525,1.540514357833333,-1.8342012362499995,0.3832378233333333,7.791518578333331
152,3,63,20.9,0,1.17,63.51,-0.2300000000000039,1.496088588235294,-10.22174821882353,13.073923146666669,-14.597865446862746,-0.5060459858823527,2.8808189019607844,22.375203727843136,-0.1848812774509803,-9.260036055294115,38.06350890568628,0.0,0.0,0.0,0.0,0.0027916969176471,-0.4981702580392162,-1.3388095389568626,-5.585774542050982,3.9382114731058815,12.18862308628628
153,3,80,22.68,0,0.91,66.45,4.830000000000005,1.0454472727272728,-6.90514376090909,15.042985973636364,-13.773138789090911,-0.3900403727272728,3.9986164545454552,20.356456732727278,9.425027996363635,-4.042748637272728,31.812786123636364,-2.632746272727273,-1.863742334545456,-3.1948558918181824,0.8030647654545486,-0.1937222654545456,-1.1814858181818186,-6.819564372727273,-1.6185101418181818,-5.873276196363636,-8.755134713636362
154,3,84,26.93,1,1.06,65.53,0.1700000000000017,-3.390049820512821,-11.305718842307693,15.168286772564102,-13.24828185948718,-0.4622807305128205,2.280941358974359,12.43302102,5.583896236153846,-4.608927753846154,29.498119179487183,-4.095551795512821,-0.3499848150576934,-0.2981997236858973,-6.500840770737179,0.0110208187371794,1.956531958974359,1.0073765679999998,-0.831039753346154,3.0904870324038463,-1.5146773705128176
155,3,80,30.82,1,1.09,66.23,1.1899999999999975,2.1735613939393943,-9.882440215151515,15.804724236666669,-13.030596140909092,-0.3906239421212126,5.905335151515152,23.41228280121212,13.95005214121212,-7.384170953030304,30.403575114848486,-0.5231005151515147,0.4568021336363621,-0.7777690151515149,-0.015815664242428,0.089780582727272,0.5737445151515148,1.9792805399999975,1.9274781384848456,-3.4949339312121217,9.452271975151522
156,3,77,31.83,0,0.77,69.89,1.6899999999999975,3.2306092894736844,-5.835650998157894,18.71196653,-13.05973400368421,-0.4193734934210528,1.6306172368421052,11.76610426631579,11.025563503421052,-2.1749991081578948,25.522276331578947,1.2422718300142248,1.2629695488691333,3.801152856216216,0.3212931144238986,0.03758555928165,-0.5576084118065434,-5.611743389900425,0.0652892266642961,0.1613330337339968,0.8424198707681363
157,3,60,30.09,0,1.37,62.26,-1.2800000000000011,0.7397438749999999,-10.313260844583333,10.574349134375,-20.970549713125,-0.3584269993750004,5.788535875000001,28.277976926666668,18.047936898541668,-12.0911381275,28.69319696125001,-2.806063104166667,0.5280767845833338,-0.9220815158333338,-5.538270337499998,0.1247506881249997,2.8321950625000007,2.9830670785416658,5.678692744791666,-0.1819534735416663,2.4215657733333416
158,3,63,30.35,1,1.02,65.47,1.7899999999999991,-4.498603463414634,-8.124456306341463,7.438575501463415,-21.908847262439025,-0.3916685251219514,1.9256413414634144,20.76047902804878,16.308510593170734,-1.0296303546341463,11.571557602682928,7.202094738414634,3.4449491945914623,1.1158010375365848,15.935677561189024,-0.1260958476280483,0.347774083536585,-1.5931405052987806,-2.302833759920732,-5.381656598115855,15.17801623756707
159,3,68,29.03,1,0.9,64.31,-0.019999999999996,-1.0568517045454544,-8.839175445,23.700054693863635,-15.606509056136366,-0.3830590822727279,3.635211159090909,20.437214148863635,20.05035593181818,-2.0260612963636366,24.86332967909091,-1.7426991489898989,-1.5442558674444458,5.168995160530301,1.9174858769747427,-0.0168107793838395,0.192579136868686,-1.908237546025255,2.1625056051515195,0.6771050794141407,-4.2457825393535344
160,3,70,24.24,0,0.66,71.77,4.759999999999991,-3.136629222222222,-5.772533751851851,10.515595862962966,-16.090680634074072,-0.5048485844444445,1.2217372222222225,9.988274653333336,7.620284637037037,-4.539757449629629,27.86099977962963,1.8808490370370368,1.5495749599999993,-5.11768965777778,-0.4804633844444446,0.1220737329629634,0.4073912962962962,-2.462415203703704,-3.354137047777778,0.0906214955555553,-5.027906850000001
161,3,63,24.69,0,1.21,64.47,0.5100000000000051,4.56300562264151,-11.985733073962264,14.712121291698113,-19.555077727924527,-0.5085813613207546,5.016300685185185,29.432788302037032,10.388713756666666,-8.258447719814814,32.332473900754714,2.709767067085955,1.0491153230747727,1.3061672120684804,9.21615542244584,-0.0663536220614954,-1.3575953266946188,-4.723715218263447,-3.363308014591194,-2.1943014150908464,-3.0944639107267733
162,3,75,27.31,1,0.83,67.59,-1.3999999999999917,1.3255157954545451,-7.866601172272726,14.048960652954548,-16.188656568181816,-0.5093695788636368,1.5669707727272728,21.18290051340909,8.026486742272727,-0.3007927059090909,30.964123158181817,-2.827010636363637,-1.2032351820454543,-5.969646270454545,-9.648500264772723,-0.0572598890909095,0.1362768181818181,13.253058417272726,6.043485843636363,3.882264135681818,-2.411337159772732
163,3,62,27.38,1,1.06,60.8,-1.75,0.6643582745098039,-7.128498578431373,7.415187205490196,-12.724040267450984,-0.4524846662745096,3.3127464117647056,16.032157711764707,10.097469487058824,-1.1380951511764703,18.577476524705883,-4.186817265490196,-2.9256945160313723,-2.547903950509805,-5.504125701650982,0.0183922679254903,0.2541482517647053,6.685359528364707,2.611808038858824,14.77203242922353,2.480581074505885
164,3,63,31.25,0,0.97,62.59,0.6499999999999986,2.151110807692308,-6.179150683076923,12.513944062884612,-12.446284353846156,-0.423904628269231,2.9023574038461537,15.642999410192306,9.869586466346156,-3.618261148269231,26.798936930769237,-2.8345740769230767,-0.8155453838461542,-0.7178475923076917,2.794364654615384,-0.016897971923077,-1.8846105192307687,1.1930754221153848,-0.7075967086538455,2.4562757596153846,-0.3538538271153868
165,3,56,21.3,0,1.33,61.87,1.5399999999999991,4.434535391304348,-7.550693336956522,11.933515765,-35.00412633826086,-0.3301561871739128,4.932036543478261,21.9658926426087,13.135080247826089,-6.580366337826087,30.95736787391304,3.014315978260869,-0.3184765439130439,0.596811598260869,-0.990224601304341,0.1493826447826084,2.4123281521739126,-2.109243066739122,2.714185555434785,-0.3720910276086959,-2.499550176739138
166,3,83,24.3,1,1.14,58.29,0.3100000000000023,7.934453571428571,-6.033503035000001,14.215353118571429,-12.683084022857145,-0.4462837850000006,4.640507928571429,18.46058909857143,7.464614742857143,-5.734449290714285,29.950287005,-1.809328142857142,-0.204692399999999,-2.3343408864285724,0.756102656428574,-0.1028855957142852,-1.8556788571428575,-5.201275702857144,-2.811750257142858,-1.4233050478571432,2.183397997857142
167,3,75,23.8,0,1.35,62.11,2.619999999999997,-0.444251625,-7.929134085,9.095195118125,-17.810321394375002,-0.5601594612499996,3.4349526250000006,15.74023407125,2.0623711318750004,-4.837164982499999,28.359114279375003,1.6963273583333334,1.530535055666669,-4.186462540791666,-1.1075318669583325,0.1915342152499987,-0.436989158333334,2.003368653416672,-1.8839620292083337,-1.088805984166668,-7.677466846041668
168,3,66,23.0,0,1.71,57.96,-0.6199999999999974,4.700627133333333,-8.427039111333332,4.32479084,-37.32031207266667,-0.4943273626666667,7.863841733333333,30.03509580466666,11.379152854666666,-8.626109592666666,37.52861051466667,-1.8011230619047611,-4.077092337952385,0.7784470621428579,10.490136233380955,0.0472680033809525,10.356708552380947,-3.561264897523806,-11.817408256095238,1.45402914195238,-0.5927771525238015
169,3,68,25.5,1,1.19,62.34,0.6300000000000026,-1.327314833333333,-10.138310555,10.598401129444444,-17.618553866666666,-0.4669069655555556,3.887091666666668,19.02227704222222,8.958574584444442,-4.345690359444444,29.172584031111107,0.9403508833333336,0.0565728149999991,0.3363423395555553,-0.7463358038333361,-0.0853209414444448,-1.987467966666668,-8.988312089722223,-6.907539289444442,-2.2696889935555555,-0.1516165701111091
170,3,67,33.1,1,1.46,60.61,-0.8500000000000014,6.257173,-8.856116605714286,12.787051405714283,-17.90050504571429,-0.5778092535714289,6.142142857142857,17.006086485,5.947399972142857,-9.437129625714286,31.733093137142856,0.2469945999999998,-0.0713395136190477,0.0587387302857163,-0.7682845516190433,0.2280492409047624,-0.4109763904761907,2.534825516333328,-0.0789178014761899,-0.3690824742857117,1.0820346028571457
171,3,62,38.7,0,0.54,70.11,0.5499999999999972,10.34250577419355,-3.320455344516129,19.41728473419355,4.693178845483869,-0.4004212470967744,1.4239287878787883,7.428635652424242,2.8674424487878785,-1.694041268484848,34.43423813387097,5.182628806451615,2.149486490967743,-0.2543562516129043,2.729636981935482,0.0860394593548382,0.9998716451612906,-0.8847656374193544,-1.7668104341935478,1.2706867125806458,6.18422696516129
172,3,82,32.4,0,0.69,60.34,-8.560000000000002,8.1843985,-5.054058643461539,21.734822859615385,-11.394948665,-0.5378350965517243,3.929601448275861,7.881021867931033,6.372928482758621,-0.4940563513793103,31.782315207931028,-5.195860462962964,0.7049428504985773,1.179209704088315,-1.3609361961111135,0.1227938647660101,-1.3946020911330037,-0.0117723765024626,0.778533910098524,-0.9343812279310344,-3.485539549310335
173,3,74,24.8,1,0.57,65.76,-0.0499999999999971,2.7599854375,-5.884930695000001,18.0305288390625,-8.180283038124998,-0.4684506281250007,1.99934690625,15.2848702396875,11.375899264687495,-0.892336590625,24.39310623625,-0.76195240625,0.4424936896875016,-3.4928909581250025,4.179532571249998,0.040268223125001,-0.7187283124999999,-1.6290034278124974,-2.7789829731249984,-0.6298826759375002,-3.122714183437502
174,3,78,30.1,0,1.04,63.38,3.210000000000001,-1.6932171304347827,-12.75367335347826,16.684457832608697,-2.193658756521739,-0.4107978982608696,3.6956680909090913,15.91228075060606,11.247011536060606,-1.169799963030303,30.952285101739133,-2.525555434782609,-4.414704089565218,-4.016535462173913,-2.7825467217391298,0.0279297191304347,1.3902844347826098,2.56476449304348,3.348395377826087,-0.4079547143478259,2.8753687030434776
175,3,74,27.7,0,0.74,65.35,-0.1500000000000056,-1.893482606060606,-5.066276265151515,12.109455366060608,-10.910451843030302,-0.3850597184848485,2.059288787878788,17.440800751818188,16.690295550909088,-2.09155073,21.93742051357143,3.611946893939395,1.2382855348484867,-1.6378494389393907,-6.89157363410173,0.0589449722294372,-1.0260500497835496,-8.117637841688314,-12.200627865238095,0.0,0.0
176,3,71,33.3,0,1.04,59.28,1.730000000000004,0.8541308999999998,-6.762750765000002,11.168481866,-9.818865477999996,-0.4801722279999999,5.089575636363636,10.33218352848485,-0.2554431763636363,-5.2514624609090905,39.47176962052632,-0.5225067666666671,0.2841090121428573,0.9885435331428544,2.976871493428579,-0.0335462065714284,2.8277199428571427,2.46567920842857,-0.5969732338571428,0.6225284931829584,1.5633229952882246
177,3,71,22.0,0,1.38,60.08,1.0,-6.004785466666665,-14.103906264,9.556093475333334,-19.118392322,-0.5380980059999997,2.4993796428571438,8.372024993214286,1.8088821025,-6.853777704285713,31.31065049733333,-2.976367133333332,-1.609403699999996,-1.8100017926666665,-1.9079308093333327,0.0,0.0,0.0,0.0,0.9304870886666716,-1.15961380933334
178,3,71,25.2,1,1.26,55.83,-4.510000000000005,2.9642268750000005,-8.436791175624998,10.05400484,-15.064550199375002,-0.3711455449999999,2.5609336874999995,17.514712183750003,10.468142040625,-5.807192289375001,26.47805809375,-1.7993778750000005,1.2632886689583325,-1.9005112266666675,-6.159003981958325,0.0318120923333333,1.5048006458333347,2.087571710249996,-1.825296733958334,-2.340254980625,0.1864986169642897
179,3,75,35.4,0,0.66,63.95,-1.2000000000000028,1.1203284642857143,-6.914454624999999,32.64255598678572,1.452680353214287,-0.489078747857143,1.1774941071428573,5.548091312142857,5.623996378571427,-1.411308281071428,36.70748104785714,6.160645225369458,2.797999862586206,-2.9056838081650262,5.988314681613298,0.0137777316502464,0.4774691342364532,-2.93599319869458,-4.239722971674875,-0.5450024889285716,-6.691048806477831
180,3,78,35.2,1,1.01,63.71,0.6000000000000014,10.247801727272728,-4.888506057272728,22.56633277,-11.445299416363635,-0.5623459281818175,0.9990859090909092,4.707471416363636,4.771875715151514,-1.1974736930303027,27.90670028,5.4525365606060605,-0.3866990747727277,5.660342310000001,11.560935956136364,0.0947824826515161,-2.347496818181818,-1.1497053439393916,-0.3899896606060604,-0.4172920881818189,-1.569074995454546
181,3,65,24.5,1,1.22,59.39,-1.2800000000000011,1.6062279230769232,-8.060702028461538,10.03019923153846,-12.209331413846153,-0.5024014830769237,2.6905287692307693,21.77742797461538,8.54140139076923,-15.011719179230766,31.170145750769223,-1.2649908461538462,0.1024819830769248,1.2565692792307708,-0.9147633484615394,0.0777977169230775,0.7698763846153849,-2.4561917499999986,0.32604054846154,7.312303607692304,-8.642047519999991
182,3,79,26.3,1,0.76,64.58,5.839999999999996,-10.261271166666669,-12.448938853333331,10.687053987083331,-14.545603838333328,-0.1328391362500003,0.2075359583333333,16.03084027125,6.543070973749999,-3.3219258329166674,30.03359227125,3.791818750000001,2.1778567837499985,0.1903966495833344,-12.236948819583336,-0.4455761091666662,5.415339583333335,1.4482193487500012,-1.3652459895833324,1.913853255416668,-0.0675646070833337
183,3,79,25.0,1,0.85,60.53,-1.6299999999999957,1.8781046666666668,-10.397874759333332,10.563420091333334,-15.367348463999996,-0.4710417926666666,0.1509352424242424,11.658792924545454,4.758597071818182,-2.415946060303031,30.34879674333333,4.571634266666667,1.9153672133333348,-7.746241867333328,-2.945966777999999,-0.0971821326666666,1.9311973333333332,6.501455056000001,-1.139929333333333,-0.6144693886666666,-3.1319465613333364
184,3,72,24.8,0,1.23,61.08,0.4799999999999969,-0.5118430666666666,-3.811885867333333,8.393599717333334,-20.945299498666667,-0.482033198,4.319636285714286,15.092238462857145,5.307473392857143,-2.0160915632142857,28.633068239333333,-3.8147692,1.570108198666666,0.3730698073333336,20.083977297333323,0.0273428353333334,3.005761333333333,2.261352663999997,-0.6167166453333337,-0.6544960773333326,5.718240195333337
185,3,70,28.1,1,1.06,61.84,-2.5600000000000023,3.389788,-6.367460710588236,15.00147513352941,-10.567507448235297,-0.3999211705882354,4.1090081071428575,9.765862883214284,3.9859091142857146,-5.803136587142856,24.67787247058824,-0.0159512222222217,0.1340102955228745,3.05971064964052,2.0298447606535923,0.0933658449673202,-1.4134063856209145,-0.3744628563071845,4.9411083825817,-1.275806382941176,-1.7418072352941143
186,3,70,27.6,0,1.07,59.72,-1.5399999999999991,3.3420580555555555,-5.350954757222223,14.148017025555554,-17.24298066611111,-0.3296196777777777,0.8993340333333335,6.297926117666668,4.1860220733333335,-5.255458977333333,31.11861861111111,1.8593385,1.0941202755555546,-3.3426287844444467,-7.588897213888886,0.1307914433333337,0.7784123888888876,1.2579149211111105,-0.0483277999999973,6.961434092777776,9.298512333333337
187,3,68,35.1,0,1.12,57.37,-6.160000000000004,-1.5596634347826086,-6.96426943826087,17.79660469956522,-2.84058199,-0.4879696947826087,2.838445677419355,6.300591194516128,5.045138238709678,-3.285310911290324,17.403967417826085,-1.2301004802371542,-0.2101805355335981,5.647554695928854,7.335613359545454,0.0237793765810272,0.8229159446640311,3.644353731699603,4.152093062450594,4.97395051021739,-10.769454788537551
188,3,75,26.4,1,1.53,64.29,2.6300000000000097,-0.8039254,-11.501219554,8.746563621000002,-24.972581217,-0.5773129979999999,6.6996296,18.962773994,10.407027679999995,-13.276427967999998,30.2341681,0.9407489,-0.2436370268333352,-0.9885256326666694,-0.1013691888333347,0.1428487946666664,-2.6177587666666664,-2.069643877333334,-3.4686666133333306,-1.259509881166668,1.3788335266666645
189,3,71,29.1,1,1.16,58.53,1.3400000000000034,-2.0730177647058823,-7.940266466470587,13.867136027058825,-10.62105558529412,-0.4277757441176468,1.997746647058824,16.24735571647059,5.644363374117647,-6.847615987058823,26.165281,0.3271364313725489,1.6739345798039205,-2.031948432392154,-1.566688886705883,-0.0807868005490199,2.53222328627451,1.6837191281960775,4.830546839215687,1.1548291377254891,5.532040066666667
190,4,73,28.24,1,1.31,63.11,0.1499999999999985,8.031337707508586,-7.660984502320292,10.30097519806952,-14.248634058574366,-0.4884906253353251,3.7058820860724944,23.67791672110293,14.890198412778014,-17.44265185343832,18.47461456311297,-0.0887715358836604,0.4141975434444296,-0.3416428138014424,5.898225104064478,0.1570193494739455,-7.513957352838114,3.4677669772799184,4.524242983135764,-2.95583092339459,-2.1467286622344304
191,4,72,23.73,0,1.09,64.26,-1.2800000000000011,6.084568081858597,-7.917296449015815,15.122503021121366,-20.27975328592257,-0.4534596161289259,0.8971349941107769,21.35979798346736,10.71692870691091,-14.735839762276248,17.349358781908435,-2.8023992233883006,-1.899767470922084,-3.9964396742386414,-10.101681421118588,0.001793843732314,1.317237342563408,-0.4967884254876225,2.0083004305440806,-2.2082739773129045,1.2023622771672713
192,4,52,32.88,1,1.16,65.63,2.619999999999997,2.7506363349530503,-9.574931442366085,15.45771093754126,-11.708907449573402,-0.5346867071686717,5.997447807978273,23.645963084449377,14.8844454136533,-12.664760464081873,20.035784497808137,-0.2261371841513,-3.547249237696657,3.4926577636070792,-6.8957475700234605,-0.0992265216766413,-0.3322469420864653,7.32187963744072,0.2418011276922662,-1.8757340081515463,4.503165483764981
193,4,57,20.71,1,1.12,63.66,-0.5799999999999983,6.611765882868789,-7.553844796377847,13.967278397251963,-8.414699647204166,-0.1823139038925118,6.664849354100924,21.13150463854168,14.688856444428918,-20.34524045476246,18.049939574973337,-4.9639752386279214,-2.2458095900409667,-4.420635250379888,4.097482570552863,0.2540311587844677,-0.4447799137847568,4.437262432347225,2.655682968177242,-4.923698453259842,-1.2220878522594705
194,4,50,23.23,1,1.44,67.54,1.720000000000013,-0.3945009041004806,-14.317740632097795,12.157051811013776,-14.642604593674536,-0.6763431595772791,3.139762185721216,24.89100629322051,7.145572380650903,-23.61253347064076,22.051822330399947,5.876901579431009,1.3198562995036325,2.5636703413084163,0.3435371509532938,0.4503317672136055,5.970765475698142,0.8936864890875533,-0.5586209027195483,4.7461986694397,-0.138348292815607
195,4,59,29.83,1,0.97,65.78,4.3700000000000045,0.63885652882694,-7.284135850997913,13.613624891792952,-8.000807954228147,-0.4893303403258284,3.2162223665477336,18.60766450916892,5.952381966558158,-13.892569677280024,22.46053817454552,6.711506371606281,1.6155939563696569,6.491726224630263,1.9257910921328367,-0.2037744636043379,0.4819364557980954,-1.6073722038158742,10.376217655535598,1.020665984402715,-1.1879174176923613
196,4,69,31.1,1,1.04,63.36,-0.4399999999999977,5.437070030836056,-6.997388989411759,20.4427956686742,-7.111337266283404,-0.4950442902043035,4.098621628398864,19.33710882217595,14.134169460049248,-11.062239873023612,17.869214790497107,0.2741515263195939,0.9828362131401668,-1.687899310034041,-6.362654056765636,-0.0256564596914096,1.2997608879007636,0.2851433019884304,-0.0175841379161312,-2.816540072660741,0.0956342632087086
197,4,49,30.82,0,1.1,65.76,0.4200000000000017,2.9083543779415577,-6.874038706333025,13.372700136960916,-13.41018893638124,-0.450278472885392,5.198211536165497,21.660588765660066,6.865901208280741,-15.089376998096151,22.13396643732916,0.5266680708866174,0.437793585110886,2.63278790538158,-0.1819579495442127,-0.1071721783168148,0.199907784693492,-1.2883650282233423,-4.110160596772783,3.3418452319128478,1.882249366687983
198,4,78,28.63,0,0.98,65.51,0.25,1.498192730619011,-6.549680987776344,14.751529190181731,-8.95517507729531,-0.3953568377151694,2.692674835341068,17.996885251108253,10.9142814171382,-15.4870724262037,16.838847151400167,3.5477808871296324,0.6213801749636865,5.587926077204044,4.157457226079291,-0.0795916686676758,0.6697743282731832,-3.158420650440533,-2.126739623802921,1.571252956529248,3.3627927630135126
199,4,68,20.57,0,1.61,61.94,-0.6099999999999994,2.3125836408593075,-6.540331953803212,4.120745267579371,-21.874520008930546,-0.5131253221221429,5.711624240844039,27.599926487940504,4.142937479266911,-16.84462057609324,26.3864539555485,2.573580969902891,2.4444401290050672,-3.439084633653607,-1.891813119180899,-0.0454885733792554,0.860886421801788,3.754749161910656,2.420008568035808,0.8221411692201706,-2.0655219858096387
200,4,49,27.47,1,1.04,65.94,1.2800000000000011,1.6364633787685328,-3.6984665218904462,10.696226569720483,-22.141999408595023,-0.4488660838217623,2.898002083286388,18.77869057639389,13.600764529129108,-6.9639793497687705,18.44903625823596,0.4044938027178235,-0.3243473113068118,3.798225591072267,13.24101317346959,0.0362477349075024,1.9003119071598245,-4.44143368540052,-2.215556379743372,-3.766459825277877,-1.5039618707766955
201,4,51,22.41,0,1.11,64.81,-0.7099999999999937,3.863637594385702,-4.995799106114942,6.828760501979761,-27.90272948931645,-0.5497551459740329,3.9993527279565737,21.53835796571304,10.4975506838877,-14.517303584409214,20.12627035260279,-5.926172736968045,0.289522268247711,-5.434666999241331,-5.342621262209711,-0.0208187510071404,-0.3321606123323373,2.226260858514188,1.4413156817183823,0.1888492163303023,-0.0220563283641404
202,4,51,26.29,0,1.19,61.73,-0.1600000000000037,2.406147161443009,-8.166224749457152,8.695640428594293,-27.065183353099272,-0.4590332382909192,2.220418943233692,18.30303288696097,10.45706816509846,-17.18123145744845,21.3827804084728,2.136809502474079,2.305498208703801,2.985499602163916,0.9597120917538682,0.0052159618802671,2.1114137500619705,0.6381327723600734,-1.3431032246868035,1.7749030642999075,-1.6527541658615623
203,4,51,20.52,0,1.48,62.83,0.3500000000000014,1.6624470354007226,-12.688097258901486,10.16711439769563,-26.966815630092604,-0.4711005057112927,2.1222071865865337,27.762374810385264,13.29710084384782,-15.157818710627012,23.457755866793363,-0.3113134225785274,2.965771043489804,0.7694860089753739,7.194258433301364,-0.0842964904956531,3.729754388041146,1.4670648836410225,1.8979497614744645,3.8182247516961274,0.2794454942810276
204,4,69,34.57,0,1.03,66.48,1.0200000000000102,2.2285067306756856,-8.861353111375774,13.513173316315337,-12.980837930511196,-0.5125807191127035,2.6978718657162206,22.128684289208145,5.530550100864263,-20.815260033671347,23.674144520289936,-0.3969656542102702,1.2072275799954326,-0.1407445640487044,-1.4152029121449043,-0.1044824522662015,2.3977969667514047,4.590748969747665,-3.685653793333687,-1.867537429078375,4.485579764488161
205,4,66,22.75,0,1.45,60.97,-1.6000000000000014,11.034034285714284,-5.905031432857142,5.762379407142857,-20.243442858571427,-0.485239917142857,8.71195257142857,17.876467039999998,-0.4830684028571428,-7.207667724285714,37.03005514285714,3.576527714285713,2.208789055714285,0.5051644728571434,8.613638617142861,-0.0833848314285716,6.427294857142856,3.9274953114285696,-0.7098019257142857,8.973237502857145,2.4253704785714234
206,4,80,28.34,1,1.12,62.96,0.8000000000000043,4.237119428571428,-10.193915191428571,12.604058015714289,-21.073791865714288,-0.4127940471428571,2.425498,20.993856784285715,12.909804198571427,-10.53825962714286,26.913685718571426,1.9793380000000007,2.704507068571428,-0.1711992014285748,-2.410023372857136,0.2246613042857153,5.145356,-1.669547355714286,-0.0310242585714277,1.357265081428574,-0.0088310042857138
