feature,random_forest_importance
HipMininimum,0.06907256499805976
KneeMaximum,0.05471478463329453
AnklePlantarflexion2,0.053938688397361274
AnkleDorsalflexion,0.04928211098176174
HipMaximumStance,0.04811796662786186
KneeMinimumTO,0.046565774155995346
KneeIC,0.0446255335661622
KneeICDifference,0.04190919674039581
BMI,0.041133100504462554
KneeMinimumTODifference,0.03958090803259604
AnkleDorsalflexionDifference,0.037640667442762905
AnkleIC,0.03686457120682965
HipMaximumStanceDifference,0.03647652308886302
Stance,0.03647652308886302
KneeMinimum,0.03608847497089639
Age,0.03570042685292976
KneeMaximumDifference,0.03531237873496314
KneeMinDifference,0.034924330616996506
Speed,0.03414823438106325
AnklePlantarflexion1,0.03298409002716337
DIFF AnkleIC,0.03259604190919674
AnklePlantarflexion1Difference,0.03220799379123011
StanceDIfference,0.0306558013193636
AnklePlantarflexion2Difference,0.029879705083430345
HipMinimumDifference,0.024447031431897557
Sex,0.004656577415599534
